GCCSA_NAME21	Age	UsualResidence	persons
Migratory - Offshore - Shipping (NSW)	35-44	Visitor from NSW	3
Migratory - Offshore - Shipping (NSW)	45-54	Visitor from NSW	3
Migratory - Offshore - Shipping (NSW)	45-54	Visitor from VIC	8
Migratory - Offshore - Shipping (NSW)	55-64	Visitor from NSW	4
Migratory - Offshore - Shipping (NSW)	55-64	Visitor from QLD	4
Migratory - Offshore - Shipping (NSW)	55-64	Visitor from VIC	4
Migratory - Offshore - Shipping (NSW)	65-74	Visitor from NSW	3
Greater Sydney	0-14	Home	947114
Greater Sydney	0-14	Visitor from ACT	54
Greater Sydney	0-14	Visitor from NSW	12213
Greater Sydney	0-14	Visitor from NT	15
Greater Sydney	0-14	Visitor from QLD	225
Greater Sydney	0-14	Visitor from SA	21
Greater Sydney	0-14	Visitor from TAS	13
Greater Sydney	0-14	Visitor from VIC	159
Greater Sydney	0-14	Visitor from WA	40
Greater Sydney	0-14	Visitor same SA2	451
Greater Sydney	15-24	Home	617941
Greater Sydney	15-24	Visitor from ACT	344
Greater Sydney	15-24	Visitor from NSW	14199
Greater Sydney	15-24	Visitor from NT	33
Greater Sydney	15-24	Visitor from OT	3
Greater Sydney	15-24	Visitor from QLD	721
Greater Sydney	15-24	Visitor from SA	106
Greater Sydney	15-24	Visitor from TAS	52
Greater Sydney	15-24	Visitor from VIC	346
Greater Sydney	15-24	Visitor from WA	246
Greater Sydney	15-24	Visitor same SA2	448
Greater Sydney	25-34	Home	787670
Greater Sydney	25-34	Visitor from ACT	216
Greater Sydney	25-34	Visitor from NSW	18255
Greater Sydney	25-34	Visitor from NT	55
Greater Sydney	25-34	Visitor from QLD	721
Greater Sydney	25-34	Visitor from SA	160
Greater Sydney	25-34	Visitor from TAS	66
Greater Sydney	25-34	Visitor from VIC	628
Greater Sydney	25-34	Visitor from WA	230
Greater Sydney	25-34	Visitor same SA2	538
Greater Sydney	35-44	Home	761394
Greater Sydney	35-44	Visitor from ACT	147
Greater Sydney	35-44	Visitor from NSW	12540
Greater Sydney	35-44	Visitor from NT	25
Greater Sydney	35-44	Visitor from OT	3
Greater Sydney	35-44	Visitor from QLD	440
Greater Sydney	35-44	Visitor from SA	73
Greater Sydney	35-44	Visitor from TAS	55
Greater Sydney	35-44	Visitor from VIC	417
Greater Sydney	35-44	Visitor from WA	152
Greater Sydney	35-44	Visitor same SA2	562
Greater Sydney	45-54	Home	652604
Greater Sydney	45-54	Visitor from ACT	111
Greater Sydney	45-54	Visitor from NSW	10584
Greater Sydney	45-54	Visitor from NT	24
Greater Sydney	45-54	Visitor from QLD	492
Greater Sydney	45-54	Visitor from SA	72
Greater Sydney	45-54	Visitor from TAS	45
Greater Sydney	45-54	Visitor from VIC	300
Greater Sydney	45-54	Visitor from WA	130
Greater Sydney	45-54	Visitor same SA2	579
Greater Sydney	55-64	Home	563967
Greater Sydney	55-64	Visitor from ACT	142
Greater Sydney	55-64	Visitor from NSW	10018
Greater Sydney	55-64	Visitor from NT	26
Greater Sydney	55-64	Visitor from QLD	611
Greater Sydney	55-64	Visitor from SA	73
Greater Sydney	55-64	Visitor from TAS	68
Greater Sydney	55-64	Visitor from VIC	363
Greater Sydney	55-64	Visitor from WA	129
Greater Sydney	55-64	Visitor same SA2	626
Greater Sydney	65-74	Home	425753
Greater Sydney	65-74	Visitor from ACT	100
Greater Sydney	65-74	Visitor from NSW	8363
Greater Sydney	65-74	Visitor from NT	19
Greater Sydney	65-74	Visitor from OT	8
Greater Sydney	65-74	Visitor from QLD	500
Greater Sydney	65-74	Visitor from SA	86
Greater Sydney	65-74	Visitor from TAS	63
Greater Sydney	65-74	Visitor from VIC	252
Greater Sydney	65-74	Visitor from WA	113
Greater Sydney	65-74	Visitor same SA2	869
Greater Sydney	75-84	Home	241362
Greater Sydney	75-84	Visitor from ACT	21
Greater Sydney	75-84	Visitor from NSW	5735
Greater Sydney	75-84	Visitor from NT	3
Greater Sydney	75-84	Visitor from QLD	168
Greater Sydney	75-84	Visitor from SA	24
Greater Sydney	75-84	Visitor from TAS	24
Greater Sydney	75-84	Visitor from VIC	96
Greater Sydney	75-84	Visitor from WA	39
Greater Sydney	75-84	Visitor same SA2	1012
Greater Sydney	85+	Home	100124
Greater Sydney	85+	Visitor from ACT	3
Greater Sydney	85+	Visitor from NSW	4022
Greater Sydney	85+	Visitor from QLD	48
Greater Sydney	85+	Visitor from SA	6
Greater Sydney	85+	Visitor from TAS	3
Greater Sydney	85+	Visitor from VIC	23
Greater Sydney	85+	Visitor from WA	3
Greater Sydney	85+	Visitor same SA2	1335
Rest of NSW	0-14	Home	493931
Rest of NSW	0-14	Visitor from ACT	304
Rest of NSW	0-14	Visitor from NSW	12555
Rest of NSW	0-14	Visitor from NT	21
Rest of NSW	0-14	Visitor from OT	3
Rest of NSW	0-14	Visitor from QLD	325
Rest of NSW	0-14	Visitor from SA	38
Rest of NSW	0-14	Visitor from TAS	20
Rest of NSW	0-14	Visitor from VIC	267
Rest of NSW	0-14	Visitor from WA	20
Rest of NSW	0-14	Visitor same SA2	587
Rest of NSW	15-24	Home	297720
Rest of NSW	15-24	Visitor from ACT	480
Rest of NSW	15-24	Visitor from NSW	17753
Rest of NSW	15-24	Visitor from NT	38
Rest of NSW	15-24	Visitor from QLD	1038
Rest of NSW	15-24	Visitor from SA	172
Rest of NSW	15-24	Visitor from TAS	74
Rest of NSW	15-24	Visitor from VIC	755
Rest of NSW	15-24	Visitor from WA	131
Rest of NSW	15-24	Visitor same SA2	687
Rest of NSW	25-34	Home	313606
Rest of NSW	25-34	Visitor from ACT	548
Rest of NSW	25-34	Visitor from NSW	14814
Rest of NSW	25-34	Visitor from NT	38
Rest of NSW	25-34	Visitor from OT	4
Rest of NSW	25-34	Visitor from QLD	1020
Rest of NSW	25-34	Visitor from SA	185
Rest of NSW	25-34	Visitor from TAS	73
Rest of NSW	25-34	Visitor from VIC	890
Rest of NSW	25-34	Visitor from WA	112
Rest of NSW	25-34	Visitor same SA2	568
Rest of NSW	35-44	Home	311959
Rest of NSW	35-44	Visitor from ACT	396
Rest of NSW	35-44	Visitor from NSW	11230
Rest of NSW	35-44	Visitor from NT	27
Rest of NSW	35-44	Visitor from OT	6
Rest of NSW	35-44	Visitor from QLD	710
Rest of NSW	35-44	Visitor from SA	126
Rest of NSW	35-44	Visitor from TAS	51
Rest of NSW	35-44	Visitor from VIC	560
Rest of NSW	35-44	Visitor from WA	61
Rest of NSW	35-44	Visitor same SA2	568
Rest of NSW	45-54	Home	335136
Rest of NSW	45-54	Visitor from ACT	407
Rest of NSW	45-54	Visitor from NSW	12140
Rest of NSW	45-54	Visitor from NT	33
Rest of NSW	45-54	Visitor from OT	5
Rest of NSW	45-54	Visitor from QLD	988
Rest of NSW	45-54	Visitor from SA	162
Rest of NSW	45-54	Visitor from TAS	74
Rest of NSW	45-54	Visitor from VIC	667
Rest of NSW	45-54	Visitor from WA	88
Rest of NSW	45-54	Visitor same SA2	667
Rest of NSW	55-64	Home	362413
Rest of NSW	55-64	Visitor from ACT	691
Rest of NSW	55-64	Visitor from NSW	14809
Rest of NSW	55-64	Visitor from NT	28
Rest of NSW	55-64	Visitor from OT	6
Rest of NSW	55-64	Visitor from QLD	1177
Rest of NSW	55-64	Visitor from SA	210
Rest of NSW	55-64	Visitor from TAS	166
Rest of NSW	55-64	Visitor from VIC	1045
Rest of NSW	55-64	Visitor from WA	154
Rest of NSW	55-64	Visitor same SA2	994
Rest of NSW	65-74	Home	328785
Rest of NSW	65-74	Visitor from ACT	572
Rest of NSW	65-74	Visitor from NSW	12545
Rest of NSW	65-74	Visitor from NT	17
Rest of NSW	65-74	Visitor from OT	6
Rest of NSW	65-74	Visitor from QLD	786
Rest of NSW	65-74	Visitor from SA	233
Rest of NSW	65-74	Visitor from TAS	192
Rest of NSW	65-74	Visitor from VIC	1822
Rest of NSW	65-74	Visitor from WA	141
Rest of NSW	65-74	Visitor same SA2	1132
Rest of NSW	75-84	Home	193125
Rest of NSW	75-84	Visitor from ACT	208
Rest of NSW	75-84	Visitor from NSW	5739
Rest of NSW	75-84	Visitor from NT	7
Rest of NSW	75-84	Visitor from QLD	235
Rest of NSW	75-84	Visitor from SA	103
Rest of NSW	75-84	Visitor from TAS	68
Rest of NSW	75-84	Visitor from VIC	922
Rest of NSW	75-84	Visitor from WA	38
Rest of NSW	75-84	Visitor same SA2	1010
Rest of NSW	85+	Home	74736
Rest of NSW	85+	Visitor from ACT	40
Rest of NSW	85+	Visitor from NSW	2598
Rest of NSW	85+	Visitor from QLD	52
Rest of NSW	85+	Visitor from SA	15
Rest of NSW	85+	Visitor from TAS	14
Rest of NSW	85+	Visitor from VIC	109
Rest of NSW	85+	Visitor from WA	5
Rest of NSW	85+	Visitor same SA2	469
Migratory - Offshore - Shipping (Vic.)	15-24	Visitor from TAS	4
Migratory - Offshore - Shipping (Vic.)	25-34	Home	6
Migratory - Offshore - Shipping (Vic.)	25-34	Visitor from TAS	11
Migratory - Offshore - Shipping (Vic.)	25-34	Visitor from VIC	26
Migratory - Offshore - Shipping (Vic.)	25-34	Visitor from WA	10
Migratory - Offshore - Shipping (Vic.)	35-44	Home	16
Migratory - Offshore - Shipping (Vic.)	35-44	Visitor from NSW	10
Migratory - Offshore - Shipping (Vic.)	35-44	Visitor from QLD	15
Migratory - Offshore - Shipping (Vic.)	35-44	Visitor from SA	13
Migratory - Offshore - Shipping (Vic.)	35-44	Visitor from TAS	32
Migratory - Offshore - Shipping (Vic.)	35-44	Visitor from VIC	57
Migratory - Offshore - Shipping (Vic.)	35-44	Visitor from WA	3
Migratory - Offshore - Shipping (Vic.)	45-54	Home	3
Migratory - Offshore - Shipping (Vic.)	45-54	Visitor from NSW	21
Migratory - Offshore - Shipping (Vic.)	45-54	Visitor from QLD	9
Migratory - Offshore - Shipping (Vic.)	45-54	Visitor from SA	12
Migratory - Offshore - Shipping (Vic.)	45-54	Visitor from TAS	26
Migratory - Offshore - Shipping (Vic.)	45-54	Visitor from VIC	107
Migratory - Offshore - Shipping (Vic.)	45-54	Visitor from WA	9
Migratory - Offshore - Shipping (Vic.)	55-64	Home	14
Migratory - Offshore - Shipping (Vic.)	55-64	Visitor from QLD	14
Migratory - Offshore - Shipping (Vic.)	55-64	Visitor from SA	8
Migratory - Offshore - Shipping (Vic.)	55-64	Visitor from TAS	46
Migratory - Offshore - Shipping (Vic.)	55-64	Visitor from VIC	77
Migratory - Offshore - Shipping (Vic.)	65-74	Home	5
Migratory - Offshore - Shipping (Vic.)	65-74	Visitor from TAS	4
Migratory - Offshore - Shipping (Vic.)	65-74	Visitor from VIC	12
Greater Melbourne	0-14	Home	878401
Greater Melbourne	0-14	Visitor from ACT	16
Greater Melbourne	0-14	Visitor from NSW	203
Greater Melbourne	0-14	Visitor from NT	23
Greater Melbourne	0-14	Visitor from QLD	126
Greater Melbourne	0-14	Visitor from SA	65
Greater Melbourne	0-14	Visitor from TAS	31
Greater Melbourne	0-14	Visitor from VIC	10494
Greater Melbourne	0-14	Visitor from WA	58
Greater Melbourne	0-14	Visitor same SA2	427
Greater Melbourne	15-24	Home	585255
Greater Melbourne	15-24	Visitor from ACT	76
Greater Melbourne	15-24	Visitor from NSW	725
Greater Melbourne	15-24	Visitor from NT	71
Greater Melbourne	15-24	Visitor from QLD	527
Greater Melbourne	15-24	Visitor from SA	173
Greater Melbourne	15-24	Visitor from TAS	135
Greater Melbourne	15-24	Visitor from VIC	14447
Greater Melbourne	15-24	Visitor from WA	207
Greater Melbourne	15-24	Visitor same SA2	434
Greater Melbourne	25-34	Home	766486
Greater Melbourne	25-34	Visitor from ACT	62
Greater Melbourne	25-34	Visitor from NSW	778
Greater Melbourne	25-34	Visitor from NT	74
Greater Melbourne	25-34	Visitor from QLD	435
Greater Melbourne	25-34	Visitor from SA	219
Greater Melbourne	25-34	Visitor from TAS	179
Greater Melbourne	25-34	Visitor from VIC	16960
Greater Melbourne	25-34	Visitor from WA	193
Greater Melbourne	25-34	Visitor same SA2	508
Greater Melbourne	35-44	Home	719893
Greater Melbourne	35-44	Visitor from ACT	42
Greater Melbourne	35-44	Visitor from NSW	401
Greater Melbourne	35-44	Visitor from NT	40
Greater Melbourne	35-44	Visitor from QLD	295
Greater Melbourne	35-44	Visitor from SA	139
Greater Melbourne	35-44	Visitor from TAS	94
Greater Melbourne	35-44	Visitor from VIC	11637
Greater Melbourne	35-44	Visitor from WA	108
Greater Melbourne	35-44	Visitor same SA2	484
Greater Melbourne	45-54	Home	615236
Greater Melbourne	45-54	Visitor from ACT	29
Greater Melbourne	45-54	Visitor from NSW	420
Greater Melbourne	45-54	Visitor from NT	39
Greater Melbourne	45-54	Visitor from QLD	300
Greater Melbourne	45-54	Visitor from SA	103
Greater Melbourne	45-54	Visitor from TAS	88
Greater Melbourne	45-54	Visitor from VIC	9955
Greater Melbourne	45-54	Visitor from WA	127
Greater Melbourne	45-54	Visitor same SA2	519
Greater Melbourne	55-64	Home	513274
Greater Melbourne	55-64	Visitor from ACT	36
Greater Melbourne	55-64	Visitor from NSW	479
Greater Melbourne	55-64	Visitor from NT	41
Greater Melbourne	55-64	Visitor from QLD	415
Greater Melbourne	55-64	Visitor from SA	150
Greater Melbourne	55-64	Visitor from TAS	125
Greater Melbourne	55-64	Visitor from VIC	9260
Greater Melbourne	55-64	Visitor from WA	163
Greater Melbourne	55-64	Visitor same SA2	580
Greater Melbourne	65-74	Home	387193
Greater Melbourne	65-74	Visitor from ACT	32
Greater Melbourne	65-74	Visitor from NSW	357
Greater Melbourne	65-74	Visitor from NT	25
Greater Melbourne	65-74	Visitor from QLD	355
Greater Melbourne	65-74	Visitor from SA	114
Greater Melbourne	65-74	Visitor from TAS	123
Greater Melbourne	65-74	Visitor from VIC	7486
Greater Melbourne	65-74	Visitor from WA	118
Greater Melbourne	65-74	Visitor same SA2	713
Greater Melbourne	75-84	Home	225599
Greater Melbourne	75-84	Visitor from ACT	11
Greater Melbourne	75-84	Visitor from NSW	125
Greater Melbourne	75-84	Visitor from NT	7
Greater Melbourne	75-84	Visitor from QLD	93
Greater Melbourne	75-84	Visitor from SA	35
Greater Melbourne	75-84	Visitor from TAS	45
Greater Melbourne	75-84	Visitor from VIC	5033
Greater Melbourne	75-84	Visitor from WA	34
Greater Melbourne	75-84	Visitor same SA2	612
Greater Melbourne	85+	Home	96012
Greater Melbourne	85+	Visitor from NSW	29
Greater Melbourne	85+	Visitor from QLD	25
Greater Melbourne	85+	Visitor from SA	18
Greater Melbourne	85+	Visitor from TAS	13
Greater Melbourne	85+	Visitor from VIC	3115
Greater Melbourne	85+	Visitor from WA	8
Greater Melbourne	85+	Visitor same SA2	385
Rest of Vic.	0-14	Home	271192
Rest of Vic.	0-14	Visitor from ACT	6
Rest of Vic.	0-14	Visitor from NSW	197
Rest of Vic.	0-14	Visitor from NT	10
Rest of Vic.	0-14	Visitor from QLD	70
Rest of Vic.	0-14	Visitor from SA	51
Rest of Vic.	0-14	Visitor from TAS	17
Rest of Vic.	0-14	Visitor from VIC	5591
Rest of Vic.	0-14	Visitor from WA	30
Rest of Vic.	0-14	Visitor same SA2	324
Rest of Vic.	15-24	Home	161007
Rest of Vic.	15-24	Visitor from ACT	29
Rest of Vic.	15-24	Visitor from NSW	492
Rest of Vic.	15-24	Visitor from NT	31
Rest of Vic.	15-24	Visitor from QLD	314
Rest of Vic.	15-24	Visitor from SA	262
Rest of Vic.	15-24	Visitor from TAS	59
Rest of Vic.	15-24	Visitor from VIC	8800
Rest of Vic.	15-24	Visitor from WA	89
Rest of Vic.	15-24	Visitor same SA2	331
Rest of Vic.	25-34	Home	177397
Rest of Vic.	25-34	Visitor from ACT	15
Rest of Vic.	25-34	Visitor from NSW	388
Rest of Vic.	25-34	Visitor from NT	31
Rest of Vic.	25-34	Visitor from QLD	282
Rest of Vic.	25-34	Visitor from SA	133
Rest of Vic.	25-34	Visitor from TAS	43
Rest of Vic.	25-34	Visitor from VIC	7829
Rest of Vic.	25-34	Visitor from WA	55
Rest of Vic.	25-34	Visitor same SA2	236
Rest of Vic.	35-44	Home	175988
Rest of Vic.	35-44	Visitor from ACT	14
Rest of Vic.	35-44	Visitor from NSW	215
Rest of Vic.	35-44	Visitor from NT	16
Rest of Vic.	35-44	Visitor from QLD	133
Rest of Vic.	35-44	Visitor from SA	79
Rest of Vic.	35-44	Visitor from TAS	23
Rest of Vic.	35-44	Visitor from VIC	5663
Rest of Vic.	35-44	Visitor from WA	60
Rest of Vic.	35-44	Visitor same SA2	271
Rest of Vic.	45-54	Home	189501
Rest of Vic.	45-54	Visitor from ACT	9
Rest of Vic.	45-54	Visitor from NSW	260
Rest of Vic.	45-54	Visitor from NT	22
Rest of Vic.	45-54	Visitor from QLD	185
Rest of Vic.	45-54	Visitor from SA	100
Rest of Vic.	45-54	Visitor from TAS	36
Rest of Vic.	45-54	Visitor from VIC	6185
Rest of Vic.	45-54	Visitor from WA	55
Rest of Vic.	45-54	Visitor same SA2	350
Rest of Vic.	55-64	Home	204189
Rest of Vic.	55-64	Visitor from ACT	20
Rest of Vic.	55-64	Visitor from NSW	297
Rest of Vic.	55-64	Visitor from NT	30
Rest of Vic.	55-64	Visitor from QLD	263
Rest of Vic.	55-64	Visitor from SA	128
Rest of Vic.	55-64	Visitor from TAS	71
Rest of Vic.	55-64	Visitor from VIC	7333
Rest of Vic.	55-64	Visitor from WA	83
Rest of Vic.	55-64	Visitor same SA2	524
Rest of Vic.	65-74	Home	185550
Rest of Vic.	65-74	Visitor from ACT	13
Rest of Vic.	65-74	Visitor from NSW	238
Rest of Vic.	65-74	Visitor from NT	20
Rest of Vic.	65-74	Visitor from QLD	203
Rest of Vic.	65-74	Visitor from SA	107
Rest of Vic.	65-74	Visitor from TAS	66
Rest of Vic.	65-74	Visitor from VIC	5916
Rest of Vic.	65-74	Visitor from WA	85
Rest of Vic.	65-74	Visitor same SA2	634
Rest of Vic.	75-84	Home	103516
Rest of Vic.	75-84	Visitor from ACT	5
Rest of Vic.	75-84	Visitor from NSW	103
Rest of Vic.	75-84	Visitor from NT	4
Rest of Vic.	75-84	Visitor from QLD	32
Rest of Vic.	75-84	Visitor from SA	31
Rest of Vic.	75-84	Visitor from TAS	16
Rest of Vic.	75-84	Visitor from VIC	2824
Rest of Vic.	75-84	Visitor from WA	14
Rest of Vic.	75-84	Visitor same SA2	455
Rest of Vic.	85+	Home	40414
Rest of Vic.	85+	Visitor from NSW	31
Rest of Vic.	85+	Visitor from SA	6
Rest of Vic.	85+	Visitor from VIC	1516
Rest of Vic.	85+	Visitor from WA	4
Rest of Vic.	85+	Visitor same SA2	204
Migratory - Offshore - Shipping (Qld)	0-14	Visitor from QLD	6
Migratory - Offshore - Shipping (Qld)	15-24	Home	6
Migratory - Offshore - Shipping (Qld)	15-24	Visitor from NSW	13
Migratory - Offshore - Shipping (Qld)	15-24	Visitor from QLD	6
Migratory - Offshore - Shipping (Qld)	25-34	Home	20
Migratory - Offshore - Shipping (Qld)	25-34	Visitor from NSW	21
Migratory - Offshore - Shipping (Qld)	25-34	Visitor from QLD	35
Migratory - Offshore - Shipping (Qld)	25-34	Visitor from SA	3
Migratory - Offshore - Shipping (Qld)	25-34	Visitor from VIC	3
Migratory - Offshore - Shipping (Qld)	25-34	Visitor from WA	3
Migratory - Offshore - Shipping (Qld)	35-44	Home	46
Migratory - Offshore - Shipping (Qld)	35-44	Visitor from NSW	11
Migratory - Offshore - Shipping (Qld)	35-44	Visitor from QLD	33
Migratory - Offshore - Shipping (Qld)	35-44	Visitor from SA	12
Migratory - Offshore - Shipping (Qld)	35-44	Visitor from WA	9
Migratory - Offshore - Shipping (Qld)	45-54	Home	38
Migratory - Offshore - Shipping (Qld)	45-54	Visitor from NSW	11
Migratory - Offshore - Shipping (Qld)	45-54	Visitor from QLD	25
Migratory - Offshore - Shipping (Qld)	45-54	Visitor from TAS	5
Migratory - Offshore - Shipping (Qld)	45-54	Visitor from VIC	4
Migratory - Offshore - Shipping (Qld)	55-64	Visitor from QLD	30
Migratory - Offshore - Shipping (Qld)	65-74	Visitor from NSW	3
Migratory - Offshore - Shipping (Qld)	65-74	Visitor from QLD	5
Migratory - Offshore - Shipping (Qld)	65-74	Visitor from SA	3
Greater Brisbane	0-14	Home	476550
Greater Brisbane	0-14	Visitor from ACT	26
Greater Brisbane	0-14	Visitor from NSW	351
Greater Brisbane	0-14	Visitor from NT	32
Greater Brisbane	0-14	Visitor from QLD	6454
Greater Brisbane	0-14	Visitor from SA	13
Greater Brisbane	0-14	Visitor from TAS	20
Greater Brisbane	0-14	Visitor from VIC	145
Greater Brisbane	0-14	Visitor from WA	40
Greater Brisbane	0-14	Visitor same SA2	290
Greater Brisbane	15-24	Home	318956
Greater Brisbane	15-24	Visitor from ACT	42
Greater Brisbane	15-24	Visitor from NSW	558
Greater Brisbane	15-24	Visitor from NT	62
Greater Brisbane	15-24	Visitor from QLD	10497
Greater Brisbane	15-24	Visitor from SA	57
Greater Brisbane	15-24	Visitor from TAS	19
Greater Brisbane	15-24	Visitor from VIC	234
Greater Brisbane	15-24	Visitor from WA	86
Greater Brisbane	15-24	Visitor same SA2	335
Greater Brisbane	25-34	Home	359903
Greater Brisbane	25-34	Visitor from ACT	75
Greater Brisbane	25-34	Visitor from NSW	853
Greater Brisbane	25-34	Visitor from NT	71
Greater Brisbane	25-34	Visitor from QLD	9942
Greater Brisbane	25-34	Visitor from SA	73
Greater Brisbane	25-34	Visitor from TAS	50
Greater Brisbane	25-34	Visitor from VIC	523
Greater Brisbane	25-34	Visitor from WA	89
Greater Brisbane	25-34	Visitor same SA2	358
Greater Brisbane	35-44	Home	350057
Greater Brisbane	35-44	Visitor from ACT	54
Greater Brisbane	35-44	Visitor from NSW	575
Greater Brisbane	35-44	Visitor from NT	49
Greater Brisbane	35-44	Visitor from QLD	6777
Greater Brisbane	35-44	Visitor from SA	77
Greater Brisbane	35-44	Visitor from TAS	25
Greater Brisbane	35-44	Visitor from VIC	310
Greater Brisbane	35-44	Visitor from WA	94
Greater Brisbane	35-44	Visitor same SA2	298
Greater Brisbane	45-54	Home	318798
Greater Brisbane	45-54	Visitor from ACT	62
Greater Brisbane	45-54	Visitor from NSW	587
Greater Brisbane	45-54	Visitor from NT	64
Greater Brisbane	45-54	Visitor from QLD	6414
Greater Brisbane	45-54	Visitor from SA	47
Greater Brisbane	45-54	Visitor from TAS	54
Greater Brisbane	45-54	Visitor from VIC	292
Greater Brisbane	45-54	Visitor from WA	95
Greater Brisbane	45-54	Visitor same SA2	305
Greater Brisbane	55-64	Home	262205
Greater Brisbane	55-64	Visitor from ACT	90
Greater Brisbane	55-64	Visitor from NSW	770
Greater Brisbane	55-64	Visitor from NT	50
Greater Brisbane	55-64	Visitor from OT	5
Greater Brisbane	55-64	Visitor from QLD	6398
Greater Brisbane	55-64	Visitor from SA	99
Greater Brisbane	55-64	Visitor from TAS	123
Greater Brisbane	55-64	Visitor from VIC	362
Greater Brisbane	55-64	Visitor from WA	125
Greater Brisbane	55-64	Visitor same SA2	374
Greater Brisbane	65-74	Home	204597
Greater Brisbane	65-74	Visitor from ACT	74
Greater Brisbane	65-74	Visitor from NSW	702
Greater Brisbane	65-74	Visitor from NT	43
Greater Brisbane	65-74	Visitor from OT	11
Greater Brisbane	65-74	Visitor from QLD	5051
Greater Brisbane	65-74	Visitor from SA	141
Greater Brisbane	65-74	Visitor from TAS	133
Greater Brisbane	65-74	Visitor from VIC	492
Greater Brisbane	65-74	Visitor from WA	94
Greater Brisbane	65-74	Visitor same SA2	487
Greater Brisbane	75-84	Home	112046
Greater Brisbane	75-84	Visitor from ACT	30
Greater Brisbane	75-84	Visitor from NSW	311
Greater Brisbane	75-84	Visitor from NT	10
Greater Brisbane	75-84	Visitor from QLD	2811
Greater Brisbane	75-84	Visitor from SA	40
Greater Brisbane	75-84	Visitor from TAS	53
Greater Brisbane	75-84	Visitor from VIC	206
Greater Brisbane	75-84	Visitor from WA	29
Greater Brisbane	75-84	Visitor same SA2	397
Greater Brisbane	85+	Home	41163
Greater Brisbane	85+	Visitor from ACT	6
Greater Brisbane	85+	Visitor from NSW	104
Greater Brisbane	85+	Visitor from QLD	1458
Greater Brisbane	85+	Visitor from SA	6
Greater Brisbane	85+	Visitor from TAS	10
Greater Brisbane	85+	Visitor from VIC	51
Greater Brisbane	85+	Visitor from WA	8
Greater Brisbane	85+	Visitor same SA2	204
Rest of Qld	0-14	Home	468524
Rest of Qld	0-14	Visitor from ACT	150
Rest of Qld	0-14	Visitor from NSW	1207
Rest of Qld	0-14	Visitor from NT	129
Rest of Qld	0-14	Visitor from OT	7
Rest of Qld	0-14	Visitor from QLD	10394
Rest of Qld	0-14	Visitor from SA	122
Rest of Qld	0-14	Visitor from TAS	131
Rest of Qld	0-14	Visitor from VIC	750
Rest of Qld	0-14	Visitor from WA	137
Rest of Qld	0-14	Visitor same SA2	624
Rest of Qld	15-24	Home	287127
Rest of Qld	15-24	Visitor from ACT	91
Rest of Qld	15-24	Visitor from NSW	1336
Rest of Qld	15-24	Visitor from NT	141
Rest of Qld	15-24	Visitor from QLD	16066
Rest of Qld	15-24	Visitor from SA	180
Rest of Qld	15-24	Visitor from TAS	100
Rest of Qld	15-24	Visitor from VIC	605
Rest of Qld	15-24	Visitor from WA	190
Rest of Qld	15-24	Visitor same SA2	705
Rest of Qld	25-34	Home	306715
Rest of Qld	25-34	Visitor from ACT	243
Rest of Qld	25-34	Visitor from NSW	1757
Rest of Qld	25-34	Visitor from NT	214
Rest of Qld	25-34	Visitor from QLD	19513
Rest of Qld	25-34	Visitor from SA	195
Rest of Qld	25-34	Visitor from TAS	225
Rest of Qld	25-34	Visitor from VIC	1071
Rest of Qld	25-34	Visitor from WA	348
Rest of Qld	25-34	Visitor same SA2	669
Rest of Qld	35-44	Home	309797
Rest of Qld	35-44	Visitor from ACT	154
Rest of Qld	35-44	Visitor from NSW	1553
Rest of Qld	35-44	Visitor from NT	148
Rest of Qld	35-44	Visitor from OT	7
Rest of Qld	35-44	Visitor from QLD	16560
Rest of Qld	35-44	Visitor from SA	188
Rest of Qld	35-44	Visitor from TAS	184
Rest of Qld	35-44	Visitor from VIC	960
Rest of Qld	35-44	Visitor from WA	228
Rest of Qld	35-44	Visitor same SA2	543
Rest of Qld	45-54	Home	323888
Rest of Qld	45-54	Visitor from ACT	212
Rest of Qld	45-54	Visitor from NSW	1761
Rest of Qld	45-54	Visitor from NT	200
Rest of Qld	45-54	Visitor from QLD	19547
Rest of Qld	45-54	Visitor from SA	234
Rest of Qld	45-54	Visitor from TAS	274
Rest of Qld	45-54	Visitor from VIC	1193
Rest of Qld	45-54	Visitor from WA	291
Rest of Qld	45-54	Visitor same SA2	654
Rest of Qld	55-64	Home	316544
Rest of Qld	55-64	Visitor from ACT	460
Rest of Qld	55-64	Visitor from NSW	4253
Rest of Qld	55-64	Visitor from NT	181
Rest of Qld	55-64	Visitor from OT	5
Rest of Qld	55-64	Visitor from QLD	22885
Rest of Qld	55-64	Visitor from SA	719
Rest of Qld	55-64	Visitor from TAS	789
Rest of Qld	55-64	Visitor from VIC	4702
Rest of Qld	55-64	Visitor from WA	516
Rest of Qld	55-64	Visitor same SA2	858
Rest of Qld	65-74	Home	269497
Rest of Qld	65-74	Visitor from ACT	647
Rest of Qld	65-74	Visitor from NSW	6734
Rest of Qld	65-74	Visitor from NT	124
Rest of Qld	65-74	Visitor from QLD	18030
Rest of Qld	65-74	Visitor from SA	1508
Rest of Qld	65-74	Visitor from TAS	1386
Rest of Qld	65-74	Visitor from VIC	10115
Rest of Qld	65-74	Visitor from WA	634
Rest of Qld	65-74	Visitor same SA2	915
Rest of Qld	75-84	Home	151730
Rest of Qld	75-84	Visitor from ACT	261
Rest of Qld	75-84	Visitor from NSW	2297
Rest of Qld	75-84	Visitor from NT	37
Rest of Qld	75-84	Visitor from QLD	6417
Rest of Qld	75-84	Visitor from SA	653
Rest of Qld	75-84	Visitor from TAS	555
Rest of Qld	75-84	Visitor from VIC	4557
Rest of Qld	75-84	Visitor from WA	147
Rest of Qld	75-84	Visitor same SA2	627
Rest of Qld	85+	Home	51974
Rest of Qld	85+	Visitor from ACT	25
Rest of Qld	85+	Visitor from NSW	314
Rest of Qld	85+	Visitor from NT	3
Rest of Qld	85+	Visitor from QLD	1941
Rest of Qld	85+	Visitor from SA	77
Rest of Qld	85+	Visitor from TAS	84
Rest of Qld	85+	Visitor from VIC	552
Rest of Qld	85+	Visitor from WA	25
Rest of Qld	85+	Visitor same SA2	238
Migratory - Offshore - Shipping (SA)	25-34	Visitor from SA	4
Migratory - Offshore - Shipping (SA)	35-44	Home	3
Migratory - Offshore - Shipping (SA)	35-44	Visitor from NT	5
Migratory - Offshore - Shipping (SA)	35-44	Visitor from SA	12
Migratory - Offshore - Shipping (SA)	45-54	Home	5
Migratory - Offshore - Shipping (SA)	45-54	Visitor from VIC	3
Greater Adelaide	0-14	Home	233292
Greater Adelaide	0-14	Visitor from ACT	6
Greater Adelaide	0-14	Visitor from NSW	93
Greater Adelaide	0-14	Visitor from NT	52
Greater Adelaide	0-14	Visitor from QLD	35
Greater Adelaide	0-14	Visitor from SA	3842
Greater Adelaide	0-14	Visitor from TAS	9
Greater Adelaide	0-14	Visitor from VIC	98
Greater Adelaide	0-14	Visitor from WA	40
Greater Adelaide	0-14	Visitor same SA2	170
Greater Adelaide	15-24	Home	162797
Greater Adelaide	15-24	Visitor from ACT	13
Greater Adelaide	15-24	Visitor from NSW	177
Greater Adelaide	15-24	Visitor from NT	72
Greater Adelaide	15-24	Visitor from QLD	90
Greater Adelaide	15-24	Visitor from SA	5519
Greater Adelaide	15-24	Visitor from TAS	18
Greater Adelaide	15-24	Visitor from VIC	184
Greater Adelaide	15-24	Visitor from WA	56
Greater Adelaide	15-24	Visitor same SA2	147
Greater Adelaide	25-34	Home	185582
Greater Adelaide	25-34	Visitor from ACT	13
Greater Adelaide	25-34	Visitor from NSW	225
Greater Adelaide	25-34	Visitor from NT	83
Greater Adelaide	25-34	Visitor from QLD	136
Greater Adelaide	25-34	Visitor from SA	5411
Greater Adelaide	25-34	Visitor from TAS	24
Greater Adelaide	25-34	Visitor from VIC	359
Greater Adelaide	25-34	Visitor from WA	87
Greater Adelaide	25-34	Visitor same SA2	144
Greater Adelaide	35-44	Home	178792
Greater Adelaide	35-44	Visitor from ACT	16
Greater Adelaide	35-44	Visitor from NSW	181
Greater Adelaide	35-44	Visitor from NT	63
Greater Adelaide	35-44	Visitor from QLD	100
Greater Adelaide	35-44	Visitor from SA	3818
Greater Adelaide	35-44	Visitor from TAS	31
Greater Adelaide	35-44	Visitor from VIC	219
Greater Adelaide	35-44	Visitor from WA	72
Greater Adelaide	35-44	Visitor same SA2	178
Greater Adelaide	45-54	Home	169226
Greater Adelaide	45-54	Visitor from ACT	18
Greater Adelaide	45-54	Visitor from NSW	172
Greater Adelaide	45-54	Visitor from NT	77
Greater Adelaide	45-54	Visitor from QLD	128
Greater Adelaide	45-54	Visitor from SA	3488
Greater Adelaide	45-54	Visitor from TAS	25
Greater Adelaide	45-54	Visitor from VIC	161
Greater Adelaide	45-54	Visitor from WA	91
Greater Adelaide	45-54	Visitor same SA2	190
Greater Adelaide	55-64	Home	161390
Greater Adelaide	55-64	Visitor from ACT	11
Greater Adelaide	55-64	Visitor from NSW	170
Greater Adelaide	55-64	Visitor from NT	91
Greater Adelaide	55-64	Visitor from QLD	119
Greater Adelaide	55-64	Visitor from SA	3505
Greater Adelaide	55-64	Visitor from TAS	54
Greater Adelaide	55-64	Visitor from VIC	242
Greater Adelaide	55-64	Visitor from WA	91
Greater Adelaide	55-64	Visitor same SA2	242
Greater Adelaide	65-74	Home	134124
Greater Adelaide	65-74	Visitor from ACT	7
Greater Adelaide	65-74	Visitor from NSW	144
Greater Adelaide	65-74	Visitor from NT	50
Greater Adelaide	65-74	Visitor from QLD	102
Greater Adelaide	65-74	Visitor from SA	2850
Greater Adelaide	65-74	Visitor from TAS	46
Greater Adelaide	65-74	Visitor from VIC	159
Greater Adelaide	65-74	Visitor from WA	68
Greater Adelaide	65-74	Visitor same SA2	308
Greater Adelaide	75-84	Home	78627
Greater Adelaide	75-84	Visitor from NSW	43
Greater Adelaide	75-84	Visitor from NT	8
Greater Adelaide	75-84	Visitor from QLD	25
Greater Adelaide	75-84	Visitor from SA	1750
Greater Adelaide	75-84	Visitor from TAS	8
Greater Adelaide	75-84	Visitor from VIC	41
Greater Adelaide	75-84	Visitor from WA	19
Greater Adelaide	75-84	Visitor same SA2	216
Greater Adelaide	85+	Home	34986
Greater Adelaide	85+	Visitor from NSW	7
Greater Adelaide	85+	Visitor from SA	1057
Greater Adelaide	85+	Visitor from VIC	9
Greater Adelaide	85+	Visitor from WA	3
Greater Adelaide	85+	Visitor same SA2	133
Rest of SA	0-14	Home	63431
Rest of SA	0-14	Visitor from NSW	51
Rest of SA	0-14	Visitor from NT	22
Rest of SA	0-14	Visitor from QLD	24
Rest of SA	0-14	Visitor from SA	1477
Rest of SA	0-14	Visitor from TAS	24
Rest of SA	0-14	Visitor from VIC	101
Rest of SA	0-14	Visitor from WA	27
Rest of SA	0-14	Visitor same SA2	105
Rest of SA	15-24	Home	35865
Rest of SA	15-24	Visitor from NSW	49
Rest of SA	15-24	Visitor from NT	25
Rest of SA	15-24	Visitor from QLD	41
Rest of SA	15-24	Visitor from SA	2416
Rest of SA	15-24	Visitor from TAS	19
Rest of SA	15-24	Visitor from VIC	84
Rest of SA	15-24	Visitor from WA	18
Rest of SA	15-24	Visitor same SA2	111
Rest of SA	25-34	Home	38409
Rest of SA	25-34	Visitor from ACT	9
Rest of SA	25-34	Visitor from NSW	70
Rest of SA	25-34	Visitor from NT	34
Rest of SA	25-34	Visitor from QLD	163
Rest of SA	25-34	Visitor from SA	3571
Rest of SA	25-34	Visitor from TAS	47
Rest of SA	25-34	Visitor from VIC	184
Rest of SA	25-34	Visitor from WA	48
Rest of SA	25-34	Visitor same SA2	117
Rest of SA	35-44	Home	39273
Rest of SA	35-44	Visitor from ACT	3
Rest of SA	35-44	Visitor from NSW	109
Rest of SA	35-44	Visitor from NT	48
Rest of SA	35-44	Visitor from QLD	159
Rest of SA	35-44	Visitor from SA	2791
Rest of SA	35-44	Visitor from TAS	35
Rest of SA	35-44	Visitor from VIC	177
Rest of SA	35-44	Visitor from WA	79
Rest of SA	35-44	Visitor same SA2	123
Rest of SA	45-54	Home	46131
Rest of SA	45-54	Visitor from ACT	3
Rest of SA	45-54	Visitor from NSW	92
Rest of SA	45-54	Visitor from NT	37
Rest of SA	45-54	Visitor from QLD	217
Rest of SA	45-54	Visitor from SA	3389
Rest of SA	45-54	Visitor from TAS	60
Rest of SA	45-54	Visitor from VIC	196
Rest of SA	45-54	Visitor from WA	69
Rest of SA	45-54	Visitor same SA2	148
Rest of SA	55-64	Home	53845
Rest of SA	55-64	Visitor from ACT	13
Rest of SA	55-64	Visitor from NSW	176
Rest of SA	55-64	Visitor from NT	61
Rest of SA	55-64	Visitor from QLD	242
Rest of SA	55-64	Visitor from SA	4250
Rest of SA	55-64	Visitor from TAS	118
Rest of SA	55-64	Visitor from VIC	476
Rest of SA	55-64	Visitor from WA	119
Rest of SA	55-64	Visitor same SA2	202
Rest of SA	65-74	Home	50740
Rest of SA	65-74	Visitor from ACT	6
Rest of SA	65-74	Visitor from NSW	211
Rest of SA	65-74	Visitor from NT	33
Rest of SA	65-74	Visitor from QLD	172
Rest of SA	65-74	Visitor from SA	3400
Rest of SA	65-74	Visitor from TAS	157
Rest of SA	65-74	Visitor from VIC	569
Rest of SA	65-74	Visitor from WA	139
Rest of SA	65-74	Visitor same SA2	225
Rest of SA	75-84	Home	29199
Rest of SA	75-84	Visitor from NSW	48
Rest of SA	75-84	Visitor from NT	7
Rest of SA	75-84	Visitor from QLD	24
Rest of SA	75-84	Visitor from SA	1222
Rest of SA	75-84	Visitor from TAS	44
Rest of SA	75-84	Visitor from VIC	128
Rest of SA	75-84	Visitor from WA	21
Rest of SA	75-84	Visitor same SA2	156
Rest of SA	85+	Home	10546
Rest of SA	85+	Visitor from NSW	6
Rest of SA	85+	Visitor from SA	365
Rest of SA	85+	Visitor from VIC	3
Rest of SA	85+	Visitor from WA	6
Rest of SA	85+	Visitor same SA2	68
Migratory - Offshore - Shipping (WA)	15-24	Home	42
Migratory - Offshore - Shipping (WA)	15-24	Visitor from NSW	7
Migratory - Offshore - Shipping (WA)	15-24	Visitor from QLD	4
Migratory - Offshore - Shipping (WA)	15-24	Visitor from VIC	4
Migratory - Offshore - Shipping (WA)	15-24	Visitor from WA	81
Migratory - Offshore - Shipping (WA)	25-34	Home	113
Migratory - Offshore - Shipping (WA)	25-34	Visitor from NSW	3
Migratory - Offshore - Shipping (WA)	25-34	Visitor from NT	17
Migratory - Offshore - Shipping (WA)	25-34	Visitor from QLD	24
Migratory - Offshore - Shipping (WA)	25-34	Visitor from SA	11
Migratory - Offshore - Shipping (WA)	25-34	Visitor from TAS	4
Migratory - Offshore - Shipping (WA)	25-34	Visitor from VIC	8
Migratory - Offshore - Shipping (WA)	25-34	Visitor from WA	342
Migratory - Offshore - Shipping (WA)	35-44	Home	170
Migratory - Offshore - Shipping (WA)	35-44	Visitor from NSW	24
Migratory - Offshore - Shipping (WA)	35-44	Visitor from NT	10
Migratory - Offshore - Shipping (WA)	35-44	Visitor from QLD	68
Migratory - Offshore - Shipping (WA)	35-44	Visitor from SA	20
Migratory - Offshore - Shipping (WA)	35-44	Visitor from TAS	3
Migratory - Offshore - Shipping (WA)	35-44	Visitor from VIC	11
Migratory - Offshore - Shipping (WA)	35-44	Visitor from WA	647
Migratory - Offshore - Shipping (WA)	45-54	Home	111
Migratory - Offshore - Shipping (WA)	45-54	Visitor from NSW	59
Migratory - Offshore - Shipping (WA)	45-54	Visitor from NT	8
Migratory - Offshore - Shipping (WA)	45-54	Visitor from QLD	28
Migratory - Offshore - Shipping (WA)	45-54	Visitor from SA	13
Migratory - Offshore - Shipping (WA)	45-54	Visitor from TAS	18
Migratory - Offshore - Shipping (WA)	45-54	Visitor from VIC	32
Migratory - Offshore - Shipping (WA)	45-54	Visitor from WA	628
Migratory - Offshore - Shipping (WA)	55-64	Home	60
Migratory - Offshore - Shipping (WA)	55-64	Visitor from ACT	6
Migratory - Offshore - Shipping (WA)	55-64	Visitor from NSW	23
Migratory - Offshore - Shipping (WA)	55-64	Visitor from NT	6
Migratory - Offshore - Shipping (WA)	55-64	Visitor from QLD	40
Migratory - Offshore - Shipping (WA)	55-64	Visitor from SA	16
Migratory - Offshore - Shipping (WA)	55-64	Visitor from TAS	18
Migratory - Offshore - Shipping (WA)	55-64	Visitor from VIC	21
Migratory - Offshore - Shipping (WA)	55-64	Visitor from WA	346
Migratory - Offshore - Shipping (WA)	65-74	Home	13
Migratory - Offshore - Shipping (WA)	65-74	Visitor from NSW	22
Migratory - Offshore - Shipping (WA)	65-74	Visitor from QLD	24
Migratory - Offshore - Shipping (WA)	65-74	Visitor from SA	3
Migratory - Offshore - Shipping (WA)	65-74	Visitor from TAS	5
Migratory - Offshore - Shipping (WA)	65-74	Visitor from VIC	8
Migratory - Offshore - Shipping (WA)	65-74	Visitor from WA	104
Migratory - Offshore - Shipping (WA)	75-84	Visitor from WA	29
Greater Perth	0-14	Home	394340
Greater Perth	0-14	Visitor from ACT	20
Greater Perth	0-14	Visitor from NSW	66
Greater Perth	0-14	Visitor from NT	31
Greater Perth	0-14	Visitor from OT	10
Greater Perth	0-14	Visitor from QLD	48
Greater Perth	0-14	Visitor from SA	15
Greater Perth	0-14	Visitor from TAS	22
Greater Perth	0-14	Visitor from VIC	91
Greater Perth	0-14	Visitor from WA	6211
Greater Perth	0-14	Visitor same SA2	295
Greater Perth	15-24	Home	244862
Greater Perth	15-24	Visitor from ACT	26
Greater Perth	15-24	Visitor from NSW	209
Greater Perth	15-24	Visitor from NT	31
Greater Perth	15-24	Visitor from OT	4
Greater Perth	15-24	Visitor from QLD	78
Greater Perth	15-24	Visitor from SA	36
Greater Perth	15-24	Visitor from TAS	25
Greater Perth	15-24	Visitor from VIC	142
Greater Perth	15-24	Visitor from WA	7892
Greater Perth	15-24	Visitor same SA2	249
Greater Perth	25-34	Home	284608
Greater Perth	25-34	Visitor from ACT	56
Greater Perth	25-34	Visitor from NSW	317
Greater Perth	25-34	Visitor from NT	75
Greater Perth	25-34	Visitor from OT	8
Greater Perth	25-34	Visitor from QLD	164
Greater Perth	25-34	Visitor from SA	85
Greater Perth	25-34	Visitor from TAS	44
Greater Perth	25-34	Visitor from VIC	281
Greater Perth	25-34	Visitor from WA	8263
Greater Perth	25-34	Visitor same SA2	340
Greater Perth	35-44	Home	290885
Greater Perth	35-44	Visitor from ACT	39
Greater Perth	35-44	Visitor from NSW	255
Greater Perth	35-44	Visitor from NT	69
Greater Perth	35-44	Visitor from OT	10
Greater Perth	35-44	Visitor from QLD	189
Greater Perth	35-44	Visitor from SA	100
Greater Perth	35-44	Visitor from TAS	45
Greater Perth	35-44	Visitor from VIC	228
Greater Perth	35-44	Visitor from WA	6392
Greater Perth	35-44	Visitor same SA2	350
Greater Perth	45-54	Home	259004
Greater Perth	45-54	Visitor from ACT	29
Greater Perth	45-54	Visitor from NSW	224
Greater Perth	45-54	Visitor from NT	47
Greater Perth	45-54	Visitor from OT	15
Greater Perth	45-54	Visitor from QLD	215
Greater Perth	45-54	Visitor from SA	145
Greater Perth	45-54	Visitor from TAS	57
Greater Perth	45-54	Visitor from VIC	223
Greater Perth	45-54	Visitor from WA	5747
Greater Perth	45-54	Visitor same SA2	308
Greater Perth	55-64	Home	224672
Greater Perth	55-64	Visitor from ACT	21
Greater Perth	55-64	Visitor from NSW	224
Greater Perth	55-64	Visitor from NT	60
Greater Perth	55-64	Visitor from OT	17
Greater Perth	55-64	Visitor from QLD	253
Greater Perth	55-64	Visitor from SA	119
Greater Perth	55-64	Visitor from TAS	93
Greater Perth	55-64	Visitor from VIC	290
Greater Perth	55-64	Visitor from WA	5382
Greater Perth	55-64	Visitor same SA2	440
Greater Perth	65-74	Home	178261
Greater Perth	65-74	Visitor from ACT	15
Greater Perth	65-74	Visitor from NSW	216
Greater Perth	65-74	Visitor from NT	27
Greater Perth	65-74	Visitor from OT	17
Greater Perth	65-74	Visitor from QLD	168
Greater Perth	65-74	Visitor from SA	71
Greater Perth	65-74	Visitor from TAS	127
Greater Perth	65-74	Visitor from VIC	255
Greater Perth	65-74	Visitor from WA	4356
Greater Perth	65-74	Visitor same SA2	481
Greater Perth	75-84	Home	98190
Greater Perth	75-84	Visitor from ACT	4
Greater Perth	75-84	Visitor from NSW	67
Greater Perth	75-84	Visitor from NT	8
Greater Perth	75-84	Visitor from OT	5
Greater Perth	75-84	Visitor from QLD	30
Greater Perth	75-84	Visitor from SA	32
Greater Perth	75-84	Visitor from TAS	28
Greater Perth	75-84	Visitor from VIC	63
Greater Perth	75-84	Visitor from WA	2653
Greater Perth	75-84	Visitor same SA2	343
Greater Perth	85+	Home	39163
Greater Perth	85+	Visitor from NSW	11
Greater Perth	85+	Visitor from QLD	3
Greater Perth	85+	Visitor from SA	5
Greater Perth	85+	Visitor from TAS	7
Greater Perth	85+	Visitor from VIC	10
Greater Perth	85+	Visitor from WA	1415
Greater Perth	85+	Visitor same SA2	156
Rest of WA	0-14	Home	100355
Rest of WA	0-14	Visitor from ACT	45
Rest of WA	0-14	Visitor from NSW	320
Rest of WA	0-14	Visitor from NT	44
Rest of WA	0-14	Visitor from QLD	222
Rest of WA	0-14	Visitor from SA	125
Rest of WA	0-14	Visitor from TAS	54
Rest of WA	0-14	Visitor from VIC	545
Rest of WA	0-14	Visitor from WA	3659
Rest of WA	0-14	Visitor same SA2	197
Rest of WA	15-24	Home	50905
Rest of WA	15-24	Visitor from ACT	13
Rest of WA	15-24	Visitor from NSW	134
Rest of WA	15-24	Visitor from NT	37
Rest of WA	15-24	Visitor from OT	4
Rest of WA	15-24	Visitor from QLD	119
Rest of WA	15-24	Visitor from SA	89
Rest of WA	15-24	Visitor from TAS	36
Rest of WA	15-24	Visitor from VIC	121
Rest of WA	15-24	Visitor from WA	6474
Rest of WA	15-24	Visitor same SA2	175
Rest of WA	25-34	Home	61603
Rest of WA	25-34	Visitor from ACT	15
Rest of WA	25-34	Visitor from NSW	388
Rest of WA	25-34	Visitor from NT	132
Rest of WA	25-34	Visitor from QLD	420
Rest of WA	25-34	Visitor from SA	211
Rest of WA	25-34	Visitor from TAS	96
Rest of WA	25-34	Visitor from VIC	365
Rest of WA	25-34	Visitor from WA	14811
Rest of WA	25-34	Visitor same SA2	211
Rest of WA	35-44	Home	65973
Rest of WA	35-44	Visitor from ACT	41
Rest of WA	35-44	Visitor from NSW	445
Rest of WA	35-44	Visitor from NT	101
Rest of WA	35-44	Visitor from QLD	582
Rest of WA	35-44	Visitor from SA	248
Rest of WA	35-44	Visitor from TAS	102
Rest of WA	35-44	Visitor from VIC	525
Rest of WA	35-44	Visitor from WA	13339
Rest of WA	35-44	Visitor same SA2	197
Rest of WA	45-54	Home	66129
Rest of WA	45-54	Visitor from ACT	22
Rest of WA	45-54	Visitor from NSW	410
Rest of WA	45-54	Visitor from NT	103
Rest of WA	45-54	Visitor from QLD	599
Rest of WA	45-54	Visitor from SA	331
Rest of WA	45-54	Visitor from TAS	120
Rest of WA	45-54	Visitor from VIC	514
Rest of WA	45-54	Visitor from WA	14278
Rest of WA	45-54	Visitor same SA2	265
Rest of WA	55-64	Home	64708
Rest of WA	55-64	Visitor from ACT	41
Rest of WA	55-64	Visitor from NSW	784
Rest of WA	55-64	Visitor from NT	136
Rest of WA	55-64	Visitor from OT	4
Rest of WA	55-64	Visitor from QLD	1037
Rest of WA	55-64	Visitor from SA	573
Rest of WA	55-64	Visitor from TAS	257
Rest of WA	55-64	Visitor from VIC	1103
Rest of WA	55-64	Visitor from WA	14707
Rest of WA	55-64	Visitor same SA2	304
Rest of WA	65-74	Home	50181
Rest of WA	65-74	Visitor from ACT	51
Rest of WA	65-74	Visitor from NSW	913
Rest of WA	65-74	Visitor from NT	53
Rest of WA	65-74	Visitor from OT	10
Rest of WA	65-74	Visitor from QLD	942
Rest of WA	65-74	Visitor from SA	680
Rest of WA	65-74	Visitor from TAS	197
Rest of WA	65-74	Visitor from VIC	1417
Rest of WA	65-74	Visitor from WA	11016
Rest of WA	65-74	Visitor same SA2	338
Rest of WA	75-84	Home	25480
Rest of WA	75-84	Visitor from ACT	3
Rest of WA	75-84	Visitor from NSW	116
Rest of WA	75-84	Visitor from NT	15
Rest of WA	75-84	Visitor from QLD	112
Rest of WA	75-84	Visitor from SA	128
Rest of WA	75-84	Visitor from TAS	26
Rest of WA	75-84	Visitor from VIC	184
Rest of WA	75-84	Visitor from WA	3597
Rest of WA	75-84	Visitor same SA2	191
Rest of WA	85+	Home	8611
Rest of WA	85+	Visitor from NSW	9
Rest of WA	85+	Visitor from QLD	3
Rest of WA	85+	Visitor from SA	6
Rest of WA	85+	Visitor from VIC	14
Rest of WA	85+	Visitor from WA	610
Rest of WA	85+	Visitor same SA2	63
Migratory - Offshore - Shipping (Tas.)	0-14	Visitor from TAS	5
Migratory - Offshore - Shipping (Tas.)	15-24	Visitor from TAS	9
Migratory - Offshore - Shipping (Tas.)	15-24	Visitor from VIC	3
Migratory - Offshore - Shipping (Tas.)	25-34	Home	4
Migratory - Offshore - Shipping (Tas.)	25-34	Visitor from NSW	7
Migratory - Offshore - Shipping (Tas.)	25-34	Visitor from QLD	9
Migratory - Offshore - Shipping (Tas.)	25-34	Visitor from SA	3
Migratory - Offshore - Shipping (Tas.)	25-34	Visitor from TAS	20
Migratory - Offshore - Shipping (Tas.)	25-34	Visitor from VIC	17
Migratory - Offshore - Shipping (Tas.)	35-44	Home	4
Migratory - Offshore - Shipping (Tas.)	35-44	Visitor from NSW	9
Migratory - Offshore - Shipping (Tas.)	35-44	Visitor from QLD	11
Migratory - Offshore - Shipping (Tas.)	35-44	Visitor from TAS	17
Migratory - Offshore - Shipping (Tas.)	35-44	Visitor from VIC	28
Migratory - Offshore - Shipping (Tas.)	35-44	Visitor from WA	5
Migratory - Offshore - Shipping (Tas.)	45-54	Home	7
Migratory - Offshore - Shipping (Tas.)	45-54	Visitor from ACT	3
Migratory - Offshore - Shipping (Tas.)	45-54	Visitor from NSW	10
Migratory - Offshore - Shipping (Tas.)	45-54	Visitor from QLD	8
Migratory - Offshore - Shipping (Tas.)	45-54	Visitor from TAS	47
Migratory - Offshore - Shipping (Tas.)	45-54	Visitor from VIC	18
Migratory - Offshore - Shipping (Tas.)	55-64	Visitor from QLD	9
Migratory - Offshore - Shipping (Tas.)	55-64	Visitor from SA	3
Migratory - Offshore - Shipping (Tas.)	55-64	Visitor from TAS	48
Migratory - Offshore - Shipping (Tas.)	55-64	Visitor from VIC	16
Migratory - Offshore - Shipping (Tas.)	65-74	Visitor from QLD	4
Migratory - Offshore - Shipping (Tas.)	65-74	Visitor from TAS	21
Migratory - Offshore - Shipping (Tas.)	65-74	Visitor from VIC	7
Migratory - Offshore - Shipping (Tas.)	75-84	Visitor from TAS	4
Greater Hobart	0-14	Home	40656
Greater Hobart	0-14	Visitor from ACT	8
Greater Hobart	0-14	Visitor from NSW	14
Greater Hobart	0-14	Visitor from NT	9
Greater Hobart	0-14	Visitor from QLD	13
Greater Hobart	0-14	Visitor from SA	8
Greater Hobart	0-14	Visitor from TAS	745
Greater Hobart	0-14	Visitor from VIC	40
Greater Hobart	0-14	Visitor from WA	17
Greater Hobart	0-14	Visitor same SA2	49
Greater Hobart	15-24	Home	26732
Greater Hobart	15-24	Visitor from ACT	13
Greater Hobart	15-24	Visitor from NSW	55
Greater Hobart	15-24	Visitor from NT	4
Greater Hobart	15-24	Visitor from QLD	50
Greater Hobart	15-24	Visitor from SA	22
Greater Hobart	15-24	Visitor from TAS	1186
Greater Hobart	15-24	Visitor from VIC	93
Greater Hobart	15-24	Visitor from WA	14
Greater Hobart	15-24	Visitor same SA2	30
Greater Hobart	25-34	Home	38071
Greater Hobart	25-34	Visitor from ACT	28
Greater Hobart	25-34	Visitor from NSW	58
Greater Hobart	25-34	Visitor from NT	10
Greater Hobart	25-34	Visitor from QLD	74
Greater Hobart	25-34	Visitor from SA	46
Greater Hobart	25-34	Visitor from TAS	1169
Greater Hobart	25-34	Visitor from VIC	188
Greater Hobart	25-34	Visitor from WA	56
Greater Hobart	25-34	Visitor same SA2	43
Greater Hobart	35-44	Home	30558
Greater Hobart	35-44	Visitor from ACT	20
Greater Hobart	35-44	Visitor from NSW	36
Greater Hobart	35-44	Visitor from NT	10
Greater Hobart	35-44	Visitor from QLD	57
Greater Hobart	35-44	Visitor from SA	35
Greater Hobart	35-44	Visitor from TAS	826
Greater Hobart	35-44	Visitor from VIC	116
Greater Hobart	35-44	Visitor from WA	28
Greater Hobart	35-44	Visitor same SA2	45
Greater Hobart	45-54	Home	28422
Greater Hobart	45-54	Visitor from ACT	9
Greater Hobart	45-54	Visitor from NSW	35
Greater Hobart	45-54	Visitor from NT	11
Greater Hobart	45-54	Visitor from QLD	69
Greater Hobart	45-54	Visitor from SA	48
Greater Hobart	45-54	Visitor from TAS	844
Greater Hobart	45-54	Visitor from VIC	75
Greater Hobart	45-54	Visitor from WA	39
Greater Hobart	45-54	Visitor same SA2	50
Greater Hobart	55-64	Home	28281
Greater Hobart	55-64	Visitor from ACT	17
Greater Hobart	55-64	Visitor from NSW	64
Greater Hobart	55-64	Visitor from NT	7
Greater Hobart	55-64	Visitor from QLD	87
Greater Hobart	55-64	Visitor from SA	49
Greater Hobart	55-64	Visitor from TAS	821
Greater Hobart	55-64	Visitor from VIC	105
Greater Hobart	55-64	Visitor from WA	62
Greater Hobart	55-64	Visitor same SA2	59
Greater Hobart	65-74	Home	24461
Greater Hobart	65-74	Visitor from ACT	4
Greater Hobart	65-74	Visitor from NSW	45
Greater Hobart	65-74	Visitor from NT	5
Greater Hobart	65-74	Visitor from QLD	49
Greater Hobart	65-74	Visitor from SA	59
Greater Hobart	65-74	Visitor from TAS	644
Greater Hobart	65-74	Visitor from VIC	67
Greater Hobart	65-74	Visitor from WA	35
Greater Hobart	65-74	Visitor same SA2	57
Greater Hobart	75-84	Home	13899
Greater Hobart	75-84	Visitor from ACT	4
Greater Hobart	75-84	Visitor from NSW	11
Greater Hobart	75-84	Visitor from QLD	8
Greater Hobart	75-84	Visitor from SA	15
Greater Hobart	75-84	Visitor from TAS	311
Greater Hobart	75-84	Visitor from VIC	19
Greater Hobart	75-84	Visitor from WA	9
Greater Hobart	75-84	Visitor same SA2	61
Greater Hobart	85+	Home	5380
Greater Hobart	85+	Visitor from TAS	186
Greater Hobart	85+	Visitor from VIC	6
Greater Hobart	85+	Visitor from WA	3
Greater Hobart	85+	Visitor same SA2	18
Rest of Tas.	0-14	Home	49646
Rest of Tas.	0-14	Visitor from ACT	3
Rest of Tas.	0-14	Visitor from NSW	27
Rest of Tas.	0-14	Visitor from NT	11
Rest of Tas.	0-14	Visitor from QLD	53
Rest of Tas.	0-14	Visitor from SA	23
Rest of Tas.	0-14	Visitor from TAS	1070
Rest of Tas.	0-14	Visitor from VIC	48
Rest of Tas.	0-14	Visitor from WA	29
Rest of Tas.	0-14	Visitor same SA2	82
Rest of Tas.	15-24	Home	30667
Rest of Tas.	15-24	Visitor from ACT	4
Rest of Tas.	15-24	Visitor from NSW	42
Rest of Tas.	15-24	Visitor from NT	5
Rest of Tas.	15-24	Visitor from QLD	50
Rest of Tas.	15-24	Visitor from SA	28
Rest of Tas.	15-24	Visitor from TAS	1754
Rest of Tas.	15-24	Visitor from VIC	90
Rest of Tas.	15-24	Visitor from WA	25
Rest of Tas.	15-24	Visitor same SA2	72
Rest of Tas.	25-34	Home	34678
Rest of Tas.	25-34	Visitor from ACT	21
Rest of Tas.	25-34	Visitor from NSW	68
Rest of Tas.	25-34	Visitor from NT	15
Rest of Tas.	25-34	Visitor from QLD	103
Rest of Tas.	25-34	Visitor from SA	74
Rest of Tas.	25-34	Visitor from TAS	1633
Rest of Tas.	25-34	Visitor from VIC	159
Rest of Tas.	25-34	Visitor from WA	102
Rest of Tas.	25-34	Visitor same SA2	83
Rest of Tas.	35-44	Home	32475
Rest of Tas.	35-44	Visitor from ACT	15
Rest of Tas.	35-44	Visitor from NSW	36
Rest of Tas.	35-44	Visitor from NT	11
Rest of Tas.	35-44	Visitor from QLD	71
Rest of Tas.	35-44	Visitor from SA	33
Rest of Tas.	35-44	Visitor from TAS	1182
Rest of Tas.	35-44	Visitor from VIC	114
Rest of Tas.	35-44	Visitor from WA	48
Rest of Tas.	35-44	Visitor same SA2	65
Rest of Tas.	45-54	Home	37324
Rest of Tas.	45-54	Visitor from ACT	12
Rest of Tas.	45-54	Visitor from NSW	58
Rest of Tas.	45-54	Visitor from NT	3
Rest of Tas.	45-54	Visitor from QLD	99
Rest of Tas.	45-54	Visitor from SA	47
Rest of Tas.	45-54	Visitor from TAS	1403
Rest of Tas.	45-54	Visitor from VIC	137
Rest of Tas.	45-54	Visitor from WA	73
Rest of Tas.	45-54	Visitor same SA2	84
Rest of Tas.	55-64	Home	42280
Rest of Tas.	55-64	Visitor from ACT	16
Rest of Tas.	55-64	Visitor from NSW	79
Rest of Tas.	55-64	Visitor from NT	13
Rest of Tas.	55-64	Visitor from QLD	163
Rest of Tas.	55-64	Visitor from SA	56
Rest of Tas.	55-64	Visitor from TAS	1537
Rest of Tas.	55-64	Visitor from VIC	179
Rest of Tas.	55-64	Visitor from WA	100
Rest of Tas.	55-64	Visitor same SA2	141
Rest of Tas.	65-74	Home	37807
Rest of Tas.	65-74	Visitor from ACT	3
Rest of Tas.	65-74	Visitor from NSW	87
Rest of Tas.	65-74	Visitor from NT	6
Rest of Tas.	65-74	Visitor from QLD	96
Rest of Tas.	65-74	Visitor from SA	45
Rest of Tas.	65-74	Visitor from TAS	1065
Rest of Tas.	65-74	Visitor from VIC	120
Rest of Tas.	65-74	Visitor from WA	40
Rest of Tas.	65-74	Visitor same SA2	161
Rest of Tas.	75-84	Home	20832
Rest of Tas.	75-84	Visitor from NSW	23
Rest of Tas.	75-84	Visitor from QLD	19
Rest of Tas.	75-84	Visitor from SA	8
Rest of Tas.	75-84	Visitor from TAS	508
Rest of Tas.	75-84	Visitor from VIC	33
Rest of Tas.	75-84	Visitor from WA	6
Rest of Tas.	75-84	Visitor same SA2	103
Rest of Tas.	85+	Home	7041
Rest of Tas.	85+	Visitor from NSW	8
Rest of Tas.	85+	Visitor from QLD	4
Rest of Tas.	85+	Visitor from TAS	175
Rest of Tas.	85+	Visitor from VIC	3
Rest of Tas.	85+	Visitor same SA2	53
Migratory - Offshore - Shipping (NT)	15-24	Home	15
Migratory - Offshore - Shipping (NT)	15-24	Visitor from NSW	3
Migratory - Offshore - Shipping (NT)	15-24	Visitor from QLD	10
Migratory - Offshore - Shipping (NT)	15-24	Visitor from WA	11
Migratory - Offshore - Shipping (NT)	25-34	Home	23
Migratory - Offshore - Shipping (NT)	25-34	Visitor from NT	5
Migratory - Offshore - Shipping (NT)	25-34	Visitor from QLD	10
Migratory - Offshore - Shipping (NT)	25-34	Visitor from SA	4
Migratory - Offshore - Shipping (NT)	25-34	Visitor from TAS	3
Migratory - Offshore - Shipping (NT)	25-34	Visitor from VIC	4
Migratory - Offshore - Shipping (NT)	25-34	Visitor from WA	12
Migratory - Offshore - Shipping (NT)	35-44	Home	22
Migratory - Offshore - Shipping (NT)	35-44	Visitor from NSW	9
Migratory - Offshore - Shipping (NT)	35-44	Visitor from NT	14
Migratory - Offshore - Shipping (NT)	35-44	Visitor from QLD	15
Migratory - Offshore - Shipping (NT)	35-44	Visitor from SA	12
Migratory - Offshore - Shipping (NT)	35-44	Visitor from TAS	3
Migratory - Offshore - Shipping (NT)	35-44	Visitor from VIC	8
Migratory - Offshore - Shipping (NT)	35-44	Visitor from WA	25
Migratory - Offshore - Shipping (NT)	45-54	Home	20
Migratory - Offshore - Shipping (NT)	45-54	Visitor from NSW	18
Migratory - Offshore - Shipping (NT)	45-54	Visitor from NT	7
Migratory - Offshore - Shipping (NT)	45-54	Visitor from QLD	18
Migratory - Offshore - Shipping (NT)	45-54	Visitor from SA	3
Migratory - Offshore - Shipping (NT)	45-54	Visitor from TAS	3
Migratory - Offshore - Shipping (NT)	45-54	Visitor from VIC	10
Migratory - Offshore - Shipping (NT)	45-54	Visitor from WA	32
Migratory - Offshore - Shipping (NT)	55-64	Home	17
Migratory - Offshore - Shipping (NT)	55-64	Visitor from NSW	11
Migratory - Offshore - Shipping (NT)	55-64	Visitor from NT	10
Migratory - Offshore - Shipping (NT)	55-64	Visitor from QLD	22
Migratory - Offshore - Shipping (NT)	55-64	Visitor from SA	8
Migratory - Offshore - Shipping (NT)	55-64	Visitor from TAS	5
Migratory - Offshore - Shipping (NT)	55-64	Visitor from VIC	3
Migratory - Offshore - Shipping (NT)	55-64	Visitor from WA	30
Migratory - Offshore - Shipping (NT)	65-74	Visitor from NSW	11
Migratory - Offshore - Shipping (NT)	65-74	Visitor from NT	5
Migratory - Offshore - Shipping (NT)	65-74	Visitor from SA	5
Migratory - Offshore - Shipping (NT)	65-74	Visitor from VIC	6
Migratory - Offshore - Shipping (NT)	65-74	Visitor from WA	8
Migratory - Offshore - Shipping (NT)	75-84	Visitor from TAS	4
Greater Darwin	0-14	Home	27594
Greater Darwin	0-14	Visitor from ACT	37
Greater Darwin	0-14	Visitor from NSW	192
Greater Darwin	0-14	Visitor from NT	672
Greater Darwin	0-14	Visitor from QLD	139
Greater Darwin	0-14	Visitor from SA	172
Greater Darwin	0-14	Visitor from TAS	13
Greater Darwin	0-14	Visitor from VIC	397
Greater Darwin	0-14	Visitor from WA	169
Greater Darwin	0-14	Visitor same SA2	28
Greater Darwin	15-24	Home	15639
Greater Darwin	15-24	Visitor from ACT	41
Greater Darwin	15-24	Visitor from NSW	239
Greater Darwin	15-24	Visitor from NT	687
Greater Darwin	15-24	Visitor from QLD	159
Greater Darwin	15-24	Visitor from SA	173
Greater Darwin	15-24	Visitor from TAS	15
Greater Darwin	15-24	Visitor from VIC	212
Greater Darwin	15-24	Visitor from WA	152
Greater Darwin	15-24	Visitor same SA2	80
Greater Darwin	25-34	Home	24170
Greater Darwin	25-34	Visitor from ACT	69
Greater Darwin	25-34	Visitor from NSW	478
Greater Darwin	25-34	Visitor from NT	1094
Greater Darwin	25-34	Visitor from QLD	338
Greater Darwin	25-34	Visitor from SA	310
Greater Darwin	25-34	Visitor from TAS	24
Greater Darwin	25-34	Visitor from VIC	625
Greater Darwin	25-34	Visitor from WA	335
Greater Darwin	25-34	Visitor same SA2	59
Greater Darwin	35-44	Home	20785
Greater Darwin	35-44	Visitor from ACT	62
Greater Darwin	35-44	Visitor from NSW	301
Greater Darwin	35-44	Visitor from NT	845
Greater Darwin	35-44	Visitor from QLD	311
Greater Darwin	35-44	Visitor from SA	283
Greater Darwin	35-44	Visitor from TAS	43
Greater Darwin	35-44	Visitor from VIC	520
Greater Darwin	35-44	Visitor from WA	256
Greater Darwin	35-44	Visitor same SA2	33
Greater Darwin	45-54	Home	17113
Greater Darwin	45-54	Visitor from ACT	70
Greater Darwin	45-54	Visitor from NSW	271
Greater Darwin	45-54	Visitor from NT	741
Greater Darwin	45-54	Visitor from QLD	389
Greater Darwin	45-54	Visitor from SA	336
Greater Darwin	45-54	Visitor from TAS	66
Greater Darwin	45-54	Visitor from VIC	554
Greater Darwin	45-54	Visitor from WA	342
Greater Darwin	45-54	Visitor same SA2	25
Greater Darwin	55-64	Home	13570
Greater Darwin	55-64	Visitor from ACT	75
Greater Darwin	55-64	Visitor from NSW	403
Greater Darwin	55-64	Visitor from NT	698
Greater Darwin	55-64	Visitor from QLD	478
Greater Darwin	55-64	Visitor from SA	598
Greater Darwin	55-64	Visitor from TAS	100
Greater Darwin	55-64	Visitor from VIC	1002
Greater Darwin	55-64	Visitor from WA	544
Greater Darwin	55-64	Visitor same SA2	41
Greater Darwin	65-74	Home	8830
Greater Darwin	65-74	Visitor from ACT	59
Greater Darwin	65-74	Visitor from NSW	442
Greater Darwin	65-74	Visitor from NT	373
Greater Darwin	65-74	Visitor from QLD	504
Greater Darwin	65-74	Visitor from SA	683
Greater Darwin	65-74	Visitor from TAS	86
Greater Darwin	65-74	Visitor from VIC	1148
Greater Darwin	65-74	Visitor from WA	543
Greater Darwin	65-74	Visitor same SA2	24
Greater Darwin	75-84	Home	3417
Greater Darwin	75-84	Visitor from ACT	6
Greater Darwin	75-84	Visitor from NSW	95
Greater Darwin	75-84	Visitor from NT	150
Greater Darwin	75-84	Visitor from QLD	94
Greater Darwin	75-84	Visitor from SA	221
Greater Darwin	75-84	Visitor from TAS	26
Greater Darwin	75-84	Visitor from VIC	229
Greater Darwin	75-84	Visitor from WA	156
Greater Darwin	75-84	Visitor same SA2	15
Greater Darwin	85+	Home	783
Greater Darwin	85+	Visitor from NSW	7
Greater Darwin	85+	Visitor from NT	40
Greater Darwin	85+	Visitor from QLD	9
Greater Darwin	85+	Visitor from SA	27
Greater Darwin	85+	Visitor from VIC	19
Greater Darwin	85+	Visitor from WA	9
Rest of NT	0-14	Home	19415
Rest of NT	0-14	Visitor from ACT	25
Rest of NT	0-14	Visitor from NSW	164
Rest of NT	0-14	Visitor from NT	687
Rest of NT	0-14	Visitor from QLD	170
Rest of NT	0-14	Visitor from SA	149
Rest of NT	0-14	Visitor from TAS	31
Rest of NT	0-14	Visitor from VIC	360
Rest of NT	0-14	Visitor from WA	95
Rest of NT	0-14	Visitor same SA2	88
Rest of NT	15-24	Home	12190
Rest of NT	15-24	Visitor from ACT	5
Rest of NT	15-24	Visitor from NSW	169
Rest of NT	15-24	Visitor from NT	707
Rest of NT	15-24	Visitor from QLD	203
Rest of NT	15-24	Visitor from SA	127
Rest of NT	15-24	Visitor from TAS	46
Rest of NT	15-24	Visitor from VIC	194
Rest of NT	15-24	Visitor from WA	92
Rest of NT	15-24	Visitor same SA2	95
Rest of NT	25-34	Home	15175
Rest of NT	25-34	Visitor from ACT	64
Rest of NT	25-34	Visitor from NSW	266
Rest of NT	25-34	Visitor from NT	1386
Rest of NT	25-34	Visitor from QLD	497
Rest of NT	25-34	Visitor from SA	309
Rest of NT	25-34	Visitor from TAS	55
Rest of NT	25-34	Visitor from VIC	529
Rest of NT	25-34	Visitor from WA	277
Rest of NT	25-34	Visitor same SA2	106
Rest of NT	35-44	Home	12321
Rest of NT	35-44	Visitor from ACT	38
Rest of NT	35-44	Visitor from NSW	190
Rest of NT	35-44	Visitor from NT	1113
Rest of NT	35-44	Visitor from QLD	418
Rest of NT	35-44	Visitor from SA	233
Rest of NT	35-44	Visitor from TAS	42
Rest of NT	35-44	Visitor from VIC	431
Rest of NT	35-44	Visitor from WA	245
Rest of NT	35-44	Visitor same SA2	62
Rest of NT	45-54	Home	10182
Rest of NT	45-54	Visitor from ACT	54
Rest of NT	45-54	Visitor from NSW	204
Rest of NT	45-54	Visitor from NT	1120
Rest of NT	45-54	Visitor from QLD	567
Rest of NT	45-54	Visitor from SA	376
Rest of NT	45-54	Visitor from TAS	50
Rest of NT	45-54	Visitor from VIC	523
Rest of NT	45-54	Visitor from WA	263
Rest of NT	45-54	Visitor same SA2	60
Rest of NT	55-64	Home	8191
Rest of NT	55-64	Visitor from ACT	63
Rest of NT	55-64	Visitor from NSW	541
Rest of NT	55-64	Visitor from NT	929
Rest of NT	55-64	Visitor from QLD	896
Rest of NT	55-64	Visitor from SA	859
Rest of NT	55-64	Visitor from TAS	155
Rest of NT	55-64	Visitor from VIC	1257
Rest of NT	55-64	Visitor from WA	547
Rest of NT	55-64	Visitor same SA2	48
Rest of NT	65-74	Home	4445
Rest of NT	65-74	Visitor from ACT	58
Rest of NT	65-74	Visitor from NSW	580
Rest of NT	65-74	Visitor from NT	383
Rest of NT	65-74	Visitor from QLD	845
Rest of NT	65-74	Visitor from SA	909
Rest of NT	65-74	Visitor from TAS	151
Rest of NT	65-74	Visitor from VIC	1528
Rest of NT	65-74	Visitor from WA	510
Rest of NT	65-74	Visitor same SA2	16
Rest of NT	75-84	Home	1404
Rest of NT	75-84	Visitor from ACT	19
Rest of NT	75-84	Visitor from NSW	114
Rest of NT	75-84	Visitor from NT	69
Rest of NT	75-84	Visitor from QLD	104
Rest of NT	75-84	Visitor from SA	185
Rest of NT	75-84	Visitor from TAS	24
Rest of NT	75-84	Visitor from VIC	261
Rest of NT	75-84	Visitor from WA	78
Rest of NT	75-84	Visitor same SA2	7
Rest of NT	85+	Home	307
Rest of NT	85+	Visitor from NSW	7
Rest of NT	85+	Visitor from NT	14
Rest of NT	85+	Visitor from QLD	5
Rest of NT	85+	Visitor from SA	7
Rest of NT	85+	Visitor from VIC	8
Rest of NT	85+	Visitor from WA	6
Australian Capital Territory	0-14	Home	81393
Australian Capital Territory	0-14	Visitor from ACT	819
Australian Capital Territory	0-14	Visitor from NSW	274
Australian Capital Territory	0-14	Visitor from NT	11
Australian Capital Territory	0-14	Visitor from QLD	30
Australian Capital Territory	0-14	Visitor from SA	3
Australian Capital Territory	0-14	Visitor from TAS	4
Australian Capital Territory	0-14	Visitor from VIC	29
Australian Capital Territory	0-14	Visitor from WA	13
Australian Capital Territory	0-14	Visitor same SA2	37
Australian Capital Territory	15-24	Home	58071
Australian Capital Territory	15-24	Visitor from ACT	1304
Australian Capital Territory	15-24	Visitor from NSW	1112
Australian Capital Territory	15-24	Visitor from NT	12
Australian Capital Territory	15-24	Visitor from QLD	132
Australian Capital Territory	15-24	Visitor from SA	38
Australian Capital Territory	15-24	Visitor from TAS	30
Australian Capital Territory	15-24	Visitor from VIC	187
Australian Capital Territory	15-24	Visitor from WA	47
Australian Capital Territory	15-24	Visitor same SA2	54
Australian Capital Territory	25-34	Home	74896
Australian Capital Territory	25-34	Visitor from ACT	1369
Australian Capital Territory	25-34	Visitor from NSW	852
Australian Capital Territory	25-34	Visitor from NT	16
Australian Capital Territory	25-34	Visitor from QLD	137
Australian Capital Territory	25-34	Visitor from SA	25
Australian Capital Territory	25-34	Visitor from TAS	22
Australian Capital Territory	25-34	Visitor from VIC	204
Australian Capital Territory	25-34	Visitor from WA	49
Australian Capital Territory	25-34	Visitor same SA2	58
Australian Capital Territory	35-44	Home	67414
Australian Capital Territory	35-44	Visitor from ACT	897
Australian Capital Territory	35-44	Visitor from NSW	528
Australian Capital Territory	35-44	Visitor from NT	13
Australian Capital Territory	35-44	Visitor from QLD	119
Australian Capital Territory	35-44	Visitor from SA	13
Australian Capital Territory	35-44	Visitor from TAS	11
Australian Capital Territory	35-44	Visitor from VIC	114
Australian Capital Territory	35-44	Visitor from WA	32
Australian Capital Territory	35-44	Visitor same SA2	33
Australian Capital Territory	45-54	Home	54425
Australian Capital Territory	45-54	Visitor from ACT	676
Australian Capital Territory	45-54	Visitor from NSW	599
Australian Capital Territory	45-54	Visitor from NT	13
Australian Capital Territory	45-54	Visitor from QLD	111
Australian Capital Territory	45-54	Visitor from SA	24
Australian Capital Territory	45-54	Visitor from TAS	30
Australian Capital Territory	45-54	Visitor from VIC	97
Australian Capital Territory	45-54	Visitor from WA	32
Australian Capital Territory	45-54	Visitor same SA2	46
Australian Capital Territory	55-64	Home	43147
Australian Capital Territory	55-64	Visitor from ACT	519
Australian Capital Territory	55-64	Visitor from NSW	665
Australian Capital Territory	55-64	Visitor from NT	7
Australian Capital Territory	55-64	Visitor from QLD	135
Australian Capital Territory	55-64	Visitor from SA	41
Australian Capital Territory	55-64	Visitor from TAS	29
Australian Capital Territory	55-64	Visitor from VIC	136
Australian Capital Territory	55-64	Visitor from WA	41
Australian Capital Territory	55-64	Visitor same SA2	32
Australian Capital Territory	65-74	Home	33591
Australian Capital Territory	65-74	Visitor from ACT	388
Australian Capital Territory	65-74	Visitor from NSW	565
Australian Capital Territory	65-74	Visitor from NT	3
Australian Capital Territory	65-74	Visitor from QLD	95
Australian Capital Territory	65-74	Visitor from SA	38
Australian Capital Territory	65-74	Visitor from TAS	33
Australian Capital Territory	65-74	Visitor from VIC	81
Australian Capital Territory	65-74	Visitor from WA	34
Australian Capital Territory	65-74	Visitor same SA2	64
Australian Capital Territory	75-84	Home	18422
Australian Capital Territory	75-84	Visitor from ACT	310
Australian Capital Territory	75-84	Visitor from NSW	198
Australian Capital Territory	75-84	Visitor from QLD	9
Australian Capital Territory	75-84	Visitor from SA	12
Australian Capital Territory	75-84	Visitor from TAS	9
Australian Capital Territory	75-84	Visitor from VIC	24
Australian Capital Territory	75-84	Visitor from WA	5
Australian Capital Territory	75-84	Visitor same SA2	50
Australian Capital Territory	85+	Home	6890
Australian Capital Territory	85+	Visitor from ACT	188
Australian Capital Territory	85+	Visitor from NSW	85
Australian Capital Territory	85+	Visitor from QLD	3
Australian Capital Territory	85+	Visitor from VIC	4
Australian Capital Territory	85+	Visitor from WA	3
Australian Capital Territory	85+	Visitor same SA2	19
Other Territories	0-14	Home	786
Other Territories	0-14	Visitor from ACT	3
Other Territories	0-14	Visitor from OT	8
Other Territories	0-14	Visitor from QLD	4
Other Territories	0-14	Visitor from WA	12
Other Territories	0-14	Visitor same SA2	8
Other Territories	15-24	Home	378
Other Territories	15-24	Visitor from NSW	22
Other Territories	15-24	Visitor from OT	11
Other Territories	15-24	Visitor from QLD	15
Other Territories	15-24	Visitor from VIC	17
Other Territories	15-24	Visitor from WA	34
Other Territories	15-24	Visitor same SA2	11
Other Territories	25-34	Home	556
Other Territories	25-34	Visitor from ACT	6
Other Territories	25-34	Visitor from NSW	42
Other Territories	25-34	Visitor from NT	5
Other Territories	25-34	Visitor from OT	5
Other Territories	25-34	Visitor from QLD	38
Other Territories	25-34	Visitor from SA	7
Other Territories	25-34	Visitor from TAS	3
Other Territories	25-34	Visitor from VIC	13
Other Territories	25-34	Visitor from WA	62
Other Territories	25-34	Visitor same SA2	6
Other Territories	35-44	Home	605
Other Territories	35-44	Visitor from ACT	6
Other Territories	35-44	Visitor from NSW	28
Other Territories	35-44	Visitor from QLD	7
Other Territories	35-44	Visitor from WA	40
Other Territories	35-44	Visitor same SA2	7
Other Territories	45-54	Home	625
Other Territories	45-54	Visitor from ACT	6
Other Territories	45-54	Visitor from NSW	17
Other Territories	45-54	Visitor from OT	9
Other Territories	45-54	Visitor from QLD	38
Other Territories	45-54	Visitor from SA	7
Other Territories	45-54	Visitor from VIC	6
Other Territories	45-54	Visitor from WA	51
Other Territories	45-54	Visitor same SA2	8
Other Territories	55-64	Home	719
Other Territories	55-64	Visitor from NSW	9
Other Territories	55-64	Visitor from NT	4
Other Territories	55-64	Visitor from OT	6
Other Territories	55-64	Visitor from QLD	48
Other Territories	55-64	Visitor from WA	109
Other Territories	55-64	Visitor same SA2	3
Other Territories	65-74	Home	529
Other Territories	65-74	Visitor from NSW	16
Other Territories	65-74	Visitor from OT	7
Other Territories	65-74	Visitor from QLD	37
Other Territories	65-74	Visitor from VIC	5
Other Territories	65-74	Visitor from WA	65
Other Territories	65-74	Visitor same SA2	8
Other Territories	75-84	Home	245
Other Territories	75-84	Visitor from QLD	14
Other Territories	75-84	Visitor from WA	26
Other Territories	85+	Home	61
Other Territories	85+	Visitor from OT	4
