GCCSA_NAME21	Age.min	persons
No usual address (NSW)	0	89
No usual address (NSW)	1	101
No usual address (NSW)	2	95
No usual address (NSW)	3	102
No usual address (NSW)	4	82
No usual address (NSW)	5	86
No usual address (NSW)	6	89
No usual address (NSW)	7	78
No usual address (NSW)	8	98
No usual address (NSW)	9	84
No usual address (NSW)	10	73
No usual address (NSW)	11	77
No usual address (NSW)	12	60
No usual address (NSW)	13	93
No usual address (NSW)	14	59
No usual address (NSW)	15	83
No usual address (NSW)	16	96
No usual address (NSW)	17	114
No usual address (NSW)	18	121
No usual address (NSW)	19	123
No usual address (NSW)	20	135
No usual address (NSW)	21	158
No usual address (NSW)	22	169
No usual address (NSW)	23	171
No usual address (NSW)	24	189
No usual address (NSW)	25	223
No usual address (NSW)	26	220
No usual address (NSW)	27	219
No usual address (NSW)	28	242
No usual address (NSW)	29	211
No usual address (NSW)	30	229
No usual address (NSW)	31	211
No usual address (NSW)	32	245
No usual address (NSW)	33	190
No usual address (NSW)	34	201
No usual address (NSW)	35	203
No usual address (NSW)	36	177
No usual address (NSW)	37	212
No usual address (NSW)	38	185
No usual address (NSW)	39	176
No usual address (NSW)	40	189
No usual address (NSW)	41	161
No usual address (NSW)	42	214
No usual address (NSW)	43	166
No usual address (NSW)	44	168
No usual address (NSW)	45	160
No usual address (NSW)	46	177
No usual address (NSW)	47	192
No usual address (NSW)	48	183
No usual address (NSW)	49	161
No usual address (NSW)	50	185
No usual address (NSW)	51	145
No usual address (NSW)	52	182
No usual address (NSW)	53	136
No usual address (NSW)	54	153
No usual address (NSW)	55	167
No usual address (NSW)	56	152
No usual address (NSW)	57	162
No usual address (NSW)	58	185
No usual address (NSW)	59	179
No usual address (NSW)	60	185
No usual address (NSW)	61	151
No usual address (NSW)	62	178
No usual address (NSW)	63	127
No usual address (NSW)	64	161
No usual address (NSW)	65	133
No usual address (NSW)	66	137
No usual address (NSW)	67	138
No usual address (NSW)	68	119
No usual address (NSW)	69	115
No usual address (NSW)	70	113
No usual address (NSW)	71	85
No usual address (NSW)	72	82
No usual address (NSW)	73	58
No usual address (NSW)	74	75
No usual address (NSW)	75	59
No usual address (NSW)	76	45
No usual address (NSW)	77	32
No usual address (NSW)	78	32
No usual address (NSW)	79	22
No usual address (NSW)	80	86
No usual address (NSW)	85	26
No usual address (NSW)	90	17
No usual address (NSW)	95	3
Greater Sydney	0	61363
Greater Sydney	1	62225
Greater Sydney	2	62565
Greater Sydney	3	62214
Greater Sydney	4	64006
Greater Sydney	5	65452
Greater Sydney	6	65004
Greater Sydney	7	65795
Greater Sydney	8	66350
Greater Sydney	9	66471
Greater Sydney	10	65269
Greater Sydney	11	65355
Greater Sydney	12	64129
Greater Sydney	13	63925
Greater Sydney	14	63100
Greater Sydney	15	60970
Greater Sydney	16	59359
Greater Sydney	17	58138
Greater Sydney	18	58121
Greater Sydney	19	58189
Greater Sydney	20	63425
Greater Sydney	21	68060
Greater Sydney	22	68269
Greater Sydney	23	70168
Greater Sydney	24	73152
Greater Sydney	25	75265
Greater Sydney	26	77913
Greater Sydney	27	78881
Greater Sydney	28	80235
Greater Sydney	29	81235
Greater Sydney	30	83889
Greater Sydney	31	84366
Greater Sydney	32	84103
Greater Sydney	33	82813
Greater Sydney	34	82604
Greater Sydney	35	83123
Greater Sydney	36	83078
Greater Sydney	37	83053
Greater Sydney	38	83411
Greater Sydney	39	80731
Greater Sydney	40	78789
Greater Sydney	41	74513
Greater Sydney	42	72632
Greater Sydney	43	69747
Greater Sydney	44	68667
Greater Sydney	45	67950
Greater Sydney	46	67916
Greater Sydney	47	68408
Greater Sydney	48	69366
Greater Sydney	49	71080
Greater Sydney	50	71552
Greater Sydney	51	65419
Greater Sydney	52	64363
Greater Sydney	53	61630
Greater Sydney	54	59481
Greater Sydney	55	59460
Greater Sydney	56	60159
Greater Sydney	57	61329
Greater Sydney	58	62169
Greater Sydney	59	60369
Greater Sydney	60	59234
Greater Sydney	61	56384
Greater Sydney	62	54138
Greater Sydney	63	54029
Greater Sydney	64	51901
Greater Sydney	65	50274
Greater Sydney	66	48801
Greater Sydney	67	46872
Greater Sydney	68	45550
Greater Sydney	69	43079
Greater Sydney	70	42515
Greater Sydney	71	41905
Greater Sydney	72	39817
Greater Sydney	73	40196
Greater Sydney	74	40456
Greater Sydney	75	34334
Greater Sydney	76	31624
Greater Sydney	77	30099
Greater Sydney	78	26251
Greater Sydney	79	25007
Greater Sydney	80	102203
Greater Sydney	85	62844
Greater Sydney	90	32340
Greater Sydney	95	9345
Greater Sydney	100	1194
Rest of NSW	0	30065
Rest of NSW	1	30914
Rest of NSW	2	30933
Rest of NSW	3	31312
Rest of NSW	4	32001
Rest of NSW	5	33608
Rest of NSW	6	33334
Rest of NSW	7	33995
Rest of NSW	8	34947
Rest of NSW	9	35430
Rest of NSW	10	35068
Rest of NSW	11	36038
Rest of NSW	12	35887
Rest of NSW	13	35914
Rest of NSW	14	36094
Rest of NSW	15	34628
Rest of NSW	16	33467
Rest of NSW	17	32375
Rest of NSW	18	31480
Rest of NSW	19	30658
Rest of NSW	20	30549
Rest of NSW	21	30532
Rest of NSW	22	30492
Rest of NSW	23	30143
Rest of NSW	24	30571
Rest of NSW	25	30782
Rest of NSW	26	32011
Rest of NSW	27	32288
Rest of NSW	28	32800
Rest of NSW	29	33437
Rest of NSW	30	33788
Rest of NSW	31	34181
Rest of NSW	32	33209
Rest of NSW	33	32867
Rest of NSW	34	33162
Rest of NSW	35	33395
Rest of NSW	36	33494
Rest of NSW	37	33030
Rest of NSW	38	33230
Rest of NSW	39	32672
Rest of NSW	40	32667
Rest of NSW	41	31409
Rest of NSW	42	31219
Rest of NSW	43	31112
Rest of NSW	44	31340
Rest of NSW	45	31842
Rest of NSW	46	32472
Rest of NSW	47	34047
Rest of NSW	48	35315
Rest of NSW	49	37644
Rest of NSW	50	38258
Rest of NSW	51	35101
Rest of NSW	52	35363
Rest of NSW	53	33676
Rest of NSW	54	34389
Rest of NSW	55	34213
Rest of NSW	56	35126
Rest of NSW	57	37550
Rest of NSW	58	39015
Rest of NSW	59	39926
Rest of NSW	60	40088
Rest of NSW	61	39227
Rest of NSW	62	39268
Rest of NSW	63	38603
Rest of NSW	64	37943
Rest of NSW	65	37242
Rest of NSW	66	36782
Rest of NSW	67	35938
Rest of NSW	68	36316
Rest of NSW	69	34985
Rest of NSW	70	34567
Rest of NSW	71	33530
Rest of NSW	72	32617
Rest of NSW	73	32197
Rest of NSW	74	34019
Rest of NSW	75	27163
Rest of NSW	76	26427
Rest of NSW	77	24713
Rest of NSW	78	21588
Rest of NSW	79	20719
Rest of NSW	80	81119
Rest of NSW	85	47825
Rest of NSW	90	23444
Rest of NSW	95	6131
Rest of NSW	100	713
No usual address (Vic.)	0	90
No usual address (Vic.)	1	77
No usual address (Vic.)	2	100
No usual address (Vic.)	3	74
No usual address (Vic.)	4	76
No usual address (Vic.)	5	79
No usual address (Vic.)	6	74
No usual address (Vic.)	7	74
No usual address (Vic.)	8	91
No usual address (Vic.)	9	78
No usual address (Vic.)	10	72
No usual address (Vic.)	11	76
No usual address (Vic.)	12	73
No usual address (Vic.)	13	64
No usual address (Vic.)	14	56
No usual address (Vic.)	15	58
No usual address (Vic.)	16	66
No usual address (Vic.)	17	80
No usual address (Vic.)	18	107
No usual address (Vic.)	19	140
No usual address (Vic.)	20	133
No usual address (Vic.)	21	136
No usual address (Vic.)	22	136
No usual address (Vic.)	23	134
No usual address (Vic.)	24	135
No usual address (Vic.)	25	181
No usual address (Vic.)	26	170
No usual address (Vic.)	27	197
No usual address (Vic.)	28	179
No usual address (Vic.)	29	195
No usual address (Vic.)	30	240
No usual address (Vic.)	31	182
No usual address (Vic.)	32	144
No usual address (Vic.)	33	187
No usual address (Vic.)	34	138
No usual address (Vic.)	35	251
No usual address (Vic.)	36	176
No usual address (Vic.)	37	192
No usual address (Vic.)	38	154
No usual address (Vic.)	39	161
No usual address (Vic.)	40	224
No usual address (Vic.)	41	182
No usual address (Vic.)	42	150
No usual address (Vic.)	43	117
No usual address (Vic.)	44	131
No usual address (Vic.)	45	199
No usual address (Vic.)	46	107
No usual address (Vic.)	47	124
No usual address (Vic.)	48	148
No usual address (Vic.)	49	147
No usual address (Vic.)	50	186
No usual address (Vic.)	51	138
No usual address (Vic.)	52	136
No usual address (Vic.)	53	116
No usual address (Vic.)	54	100
No usual address (Vic.)	55	145
No usual address (Vic.)	56	92
No usual address (Vic.)	57	98
No usual address (Vic.)	58	104
No usual address (Vic.)	59	120
No usual address (Vic.)	60	126
No usual address (Vic.)	61	100
No usual address (Vic.)	62	105
No usual address (Vic.)	63	98
No usual address (Vic.)	64	87
No usual address (Vic.)	65	102
No usual address (Vic.)	66	80
No usual address (Vic.)	67	84
No usual address (Vic.)	68	88
No usual address (Vic.)	69	58
No usual address (Vic.)	70	51
No usual address (Vic.)	71	42
No usual address (Vic.)	72	37
No usual address (Vic.)	73	26
No usual address (Vic.)	74	34
No usual address (Vic.)	75	44
No usual address (Vic.)	76	24
No usual address (Vic.)	77	20
No usual address (Vic.)	78	18
No usual address (Vic.)	79	15
No usual address (Vic.)	80	34
No usual address (Vic.)	85	26
No usual address (Vic.)	90	3
No usual address (Vic.)	95	3
Migratory - Offshore - Shipping (Vic.)	31	6
Migratory - Offshore - Shipping (Vic.)	38	3
Migratory - Offshore - Shipping (Vic.)	40	5
Migratory - Offshore - Shipping (Vic.)	42	3
Migratory - Offshore - Shipping (Vic.)	50	3
Migratory - Offshore - Shipping (Vic.)	56	9
Migratory - Offshore - Shipping (Vic.)	62	3
Migratory - Offshore - Shipping (Vic.)	64	3
Migratory - Offshore - Shipping (Vic.)	66	5
Greater Melbourne	0	56483
Greater Melbourne	1	57666
Greater Melbourne	2	57855
Greater Melbourne	3	58525
Greater Melbourne	4	60119
Greater Melbourne	5	61940
Greater Melbourne	6	61277
Greater Melbourne	7	61316
Greater Melbourne	8	62214
Greater Melbourne	9	60776
Greater Melbourne	10	59001
Greater Melbourne	11	59927
Greater Melbourne	12	58212
Greater Melbourne	13	58412
Greater Melbourne	14	57859
Greater Melbourne	15	56030
Greater Melbourne	16	54403
Greater Melbourne	17	53948
Greater Melbourne	18	54370
Greater Melbourne	19	55943
Greater Melbourne	20	60935
Greater Melbourne	21	64775
Greater Melbourne	22	65044
Greater Melbourne	23	66861
Greater Melbourne	24	70924
Greater Melbourne	25	73979
Greater Melbourne	26	76436
Greater Melbourne	27	76920
Greater Melbourne	28	77765
Greater Melbourne	29	78032
Greater Melbourne	30	80617
Greater Melbourne	31	81773
Greater Melbourne	32	81056
Greater Melbourne	33	81316
Greater Melbourne	34	80796
Greater Melbourne	35	80870
Greater Melbourne	36	80756
Greater Melbourne	37	78840
Greater Melbourne	38	78964
Greater Melbourne	39	76369
Greater Melbourne	40	73619
Greater Melbourne	41	69734
Greater Melbourne	42	67483
Greater Melbourne	43	64848
Greater Melbourne	44	63615
Greater Melbourne	45	62880
Greater Melbourne	46	63513
Greater Melbourne	47	63770
Greater Melbourne	48	63958
Greater Melbourne	49	66244
Greater Melbourne	50	67500
Greater Melbourne	51	63133
Greater Melbourne	52	62054
Greater Melbourne	53	59454
Greater Melbourne	54	56605
Greater Melbourne	55	56015
Greater Melbourne	56	55533
Greater Melbourne	57	55943
Greater Melbourne	58	56026
Greater Melbourne	59	54452
Greater Melbourne	60	53817
Greater Melbourne	61	51663
Greater Melbourne	62	50406
Greater Melbourne	63	48630
Greater Melbourne	64	47486
Greater Melbourne	65	46563
Greater Melbourne	66	44682
Greater Melbourne	67	42327
Greater Melbourne	68	41572
Greater Melbourne	69	40054
Greater Melbourne	70	39496
Greater Melbourne	71	38188
Greater Melbourne	72	36762
Greater Melbourne	73	37015
Greater Melbourne	74	38369
Greater Melbourne	75	31675
Greater Melbourne	76	29405
Greater Melbourne	77	27806
Greater Melbourne	78	24477
Greater Melbourne	79	24102
Greater Melbourne	80	97528
Greater Melbourne	85	60293
Greater Melbourne	90	30327
Greater Melbourne	95	8356
Greater Melbourne	100	1038
Rest of Vic.	0	16500
Rest of Vic.	1	16548
Rest of Vic.	2	16919
Rest of Vic.	3	17360
Rest of Vic.	4	17503
Rest of Vic.	5	18583
Rest of Vic.	6	18537
Rest of Vic.	7	18894
Rest of Vic.	8	18988
Rest of Vic.	9	19243
Rest of Vic.	10	18947
Rest of Vic.	11	19380
Rest of Vic.	12	19641
Rest of Vic.	13	19473
Rest of Vic.	14	20205
Rest of Vic.	15	19041
Rest of Vic.	16	17787
Rest of Vic.	17	17902
Rest of Vic.	18	17021
Rest of Vic.	19	16292
Rest of Vic.	20	16028
Rest of Vic.	21	15981
Rest of Vic.	22	16162
Rest of Vic.	23	16144
Rest of Vic.	24	16816
Rest of Vic.	25	17321
Rest of Vic.	26	18418
Rest of Vic.	27	18531
Rest of Vic.	28	18477
Rest of Vic.	29	18740
Rest of Vic.	30	18890
Rest of Vic.	31	19012
Rest of Vic.	32	18558
Rest of Vic.	33	18495
Rest of Vic.	34	18551
Rest of Vic.	35	18914
Rest of Vic.	36	18871
Rest of Vic.	37	18611
Rest of Vic.	38	18685
Rest of Vic.	39	18105
Rest of Vic.	40	18207
Rest of Vic.	41	17387
Rest of Vic.	42	17404
Rest of Vic.	43	17896
Rest of Vic.	44	17797
Rest of Vic.	45	17955
Rest of Vic.	46	18404
Rest of Vic.	47	19114
Rest of Vic.	48	19350
Rest of Vic.	49	20615
Rest of Vic.	50	21434
Rest of Vic.	51	19936
Rest of Vic.	52	20545
Rest of Vic.	53	19600
Rest of Vic.	54	19424
Rest of Vic.	55	19684
Rest of Vic.	56	20231
Rest of Vic.	57	21005
Rest of Vic.	58	21918
Rest of Vic.	59	22534
Rest of Vic.	60	22468
Rest of Vic.	61	21960
Rest of Vic.	62	22361
Rest of Vic.	63	21928
Rest of Vic.	64	21395
Rest of Vic.	65	21403
Rest of Vic.	66	21234
Rest of Vic.	67	21021
Rest of Vic.	68	21008
Rest of Vic.	69	20277
Rest of Vic.	70	19686
Rest of Vic.	71	19655
Rest of Vic.	72	18506
Rest of Vic.	73	18198
Rest of Vic.	74	18927
Rest of Vic.	75	15223
Rest of Vic.	76	14103
Rest of Vic.	77	13119
Rest of Vic.	78	11674
Rest of Vic.	79	11498
Rest of Vic.	80	44035
Rest of Vic.	85	25701
Rest of Vic.	90	12854
Rest of Vic.	95	3476
Rest of Vic.	100	386
No usual address (Qld)	0	69
No usual address (Qld)	1	110
No usual address (Qld)	2	109
No usual address (Qld)	3	110
No usual address (Qld)	4	102
No usual address (Qld)	5	104
No usual address (Qld)	6	114
No usual address (Qld)	7	98
No usual address (Qld)	8	102
No usual address (Qld)	9	94
No usual address (Qld)	10	102
No usual address (Qld)	11	98
No usual address (Qld)	12	94
No usual address (Qld)	13	73
No usual address (Qld)	14	67
No usual address (Qld)	15	95
No usual address (Qld)	16	109
No usual address (Qld)	17	110
No usual address (Qld)	18	98
No usual address (Qld)	19	155
No usual address (Qld)	20	151
No usual address (Qld)	21	172
No usual address (Qld)	22	162
No usual address (Qld)	23	197
No usual address (Qld)	24	243
No usual address (Qld)	25	255
No usual address (Qld)	26	315
No usual address (Qld)	27	250
No usual address (Qld)	28	281
No usual address (Qld)	29	308
No usual address (Qld)	30	300
No usual address (Qld)	31	243
No usual address (Qld)	32	250
No usual address (Qld)	33	208
No usual address (Qld)	34	226
No usual address (Qld)	35	249
No usual address (Qld)	36	197
No usual address (Qld)	37	211
No usual address (Qld)	38	217
No usual address (Qld)	39	204
No usual address (Qld)	40	228
No usual address (Qld)	41	191
No usual address (Qld)	42	217
No usual address (Qld)	43	165
No usual address (Qld)	44	204
No usual address (Qld)	45	194
No usual address (Qld)	46	186
No usual address (Qld)	47	193
No usual address (Qld)	48	187
No usual address (Qld)	49	217
No usual address (Qld)	50	213
No usual address (Qld)	51	198
No usual address (Qld)	52	193
No usual address (Qld)	53	190
No usual address (Qld)	54	164
No usual address (Qld)	55	195
No usual address (Qld)	56	181
No usual address (Qld)	57	200
No usual address (Qld)	58	247
No usual address (Qld)	59	279
No usual address (Qld)	60	281
No usual address (Qld)	61	278
No usual address (Qld)	62	257
No usual address (Qld)	63	272
No usual address (Qld)	64	277
No usual address (Qld)	65	297
No usual address (Qld)	66	238
No usual address (Qld)	67	272
No usual address (Qld)	68	244
No usual address (Qld)	69	223
No usual address (Qld)	70	225
No usual address (Qld)	71	208
No usual address (Qld)	72	154
No usual address (Qld)	73	149
No usual address (Qld)	74	131
No usual address (Qld)	75	98
No usual address (Qld)	76	81
No usual address (Qld)	77	65
No usual address (Qld)	78	65
No usual address (Qld)	79	41
No usual address (Qld)	80	101
No usual address (Qld)	85	35
No usual address (Qld)	90	7
No usual address (Qld)	95	4
Migratory - Offshore - Shipping (Qld)	20	4
Migratory - Offshore - Shipping (Qld)	24	9
Migratory - Offshore - Shipping (Qld)	25	7
Migratory - Offshore - Shipping (Qld)	27	11
Migratory - Offshore - Shipping (Qld)	28	3
Migratory - Offshore - Shipping (Qld)	29	7
Migratory - Offshore - Shipping (Qld)	31	6
Migratory - Offshore - Shipping (Qld)	33	7
Migratory - Offshore - Shipping (Qld)	34	6
Migratory - Offshore - Shipping (Qld)	35	7
Migratory - Offshore - Shipping (Qld)	36	5
Migratory - Offshore - Shipping (Qld)	37	13
Migratory - Offshore - Shipping (Qld)	38	3
Migratory - Offshore - Shipping (Qld)	39	12
Migratory - Offshore - Shipping (Qld)	40	10
Migratory - Offshore - Shipping (Qld)	41	3
Migratory - Offshore - Shipping (Qld)	42	6
Migratory - Offshore - Shipping (Qld)	43	8
Migratory - Offshore - Shipping (Qld)	45	8
Migratory - Offshore - Shipping (Qld)	47	7
Migratory - Offshore - Shipping (Qld)	48	8
Migratory - Offshore - Shipping (Qld)	49	3
Migratory - Offshore - Shipping (Qld)	50	5
Migratory - Offshore - Shipping (Qld)	51	5
Migratory - Offshore - Shipping (Qld)	52	4
Migratory - Offshore - Shipping (Qld)	54	4
Greater Brisbane	0	29078
Greater Brisbane	1	29632
Greater Brisbane	2	30289
Greater Brisbane	3	30255
Greater Brisbane	4	31254
Greater Brisbane	5	32567
Greater Brisbane	6	32588
Greater Brisbane	7	33293
Greater Brisbane	8	33680
Greater Brisbane	9	33556
Greater Brisbane	10	33333
Greater Brisbane	11	33999
Greater Brisbane	12	33852
Greater Brisbane	13	33472
Greater Brisbane	14	33313
Greater Brisbane	15	32108
Greater Brisbane	16	31397
Greater Brisbane	17	30464
Greater Brisbane	18	30694
Greater Brisbane	19	32464
Greater Brisbane	20	34167
Greater Brisbane	21	34582
Greater Brisbane	22	34781
Greater Brisbane	23	35342
Greater Brisbane	24	35768
Greater Brisbane	25	36517
Greater Brisbane	26	37292
Greater Brisbane	27	37029
Greater Brisbane	28	36836
Greater Brisbane	29	37334
Greater Brisbane	30	38213
Greater Brisbane	31	38439
Greater Brisbane	32	37734
Greater Brisbane	33	37599
Greater Brisbane	34	37076
Greater Brisbane	35	38243
Greater Brisbane	36	38206
Greater Brisbane	37	37716
Greater Brisbane	38	38456
Greater Brisbane	39	36942
Greater Brisbane	40	36292
Greater Brisbane	41	34764
Greater Brisbane	42	33756
Greater Brisbane	43	33299
Greater Brisbane	44	32677
Greater Brisbane	45	32868
Greater Brisbane	46	33141
Greater Brisbane	47	33501
Greater Brisbane	48	34459
Greater Brisbane	49	35040
Greater Brisbane	50	35457
Greater Brisbane	51	32916
Greater Brisbane	52	31670
Greater Brisbane	53	30353
Greater Brisbane	54	29656
Greater Brisbane	55	28343
Greater Brisbane	56	28506
Greater Brisbane	57	29237
Greater Brisbane	58	29145
Greater Brisbane	59	28501
Greater Brisbane	60	28098
Greater Brisbane	61	26677
Greater Brisbane	62	26046
Greater Brisbane	63	24960
Greater Brisbane	64	24285
Greater Brisbane	65	23990
Greater Brisbane	66	22982
Greater Brisbane	67	22188
Greater Brisbane	68	21944
Greater Brisbane	69	21837
Greater Brisbane	70	20830
Greater Brisbane	71	20631
Greater Brisbane	72	20082
Greater Brisbane	73	19404
Greater Brisbane	74	20274
Greater Brisbane	75	16486
Greater Brisbane	76	15743
Greater Brisbane	77	14311
Greater Brisbane	78	12363
Greater Brisbane	79	12048
Greater Brisbane	80	45070
Greater Brisbane	85	25686
Greater Brisbane	90	13157
Greater Brisbane	95	3577
Greater Brisbane	100	460
Rest of Qld	0	26731
Rest of Qld	1	28083
Rest of Qld	2	28146
Rest of Qld	3	28941
Rest of Qld	4	29542
Rest of Qld	5	31464
Rest of Qld	6	31859
Rest of Qld	7	32827
Rest of Qld	8	33202
Rest of Qld	9	33770
Rest of Qld	10	34105
Rest of Qld	11	34722
Rest of Qld	12	35089
Rest of Qld	13	35411
Rest of Qld	14	34846
Rest of Qld	15	34065
Rest of Qld	16	32472
Rest of Qld	17	31458
Rest of Qld	18	29259
Rest of Qld	19	28573
Rest of Qld	20	29361
Rest of Qld	21	29535
Rest of Qld	22	29216
Rest of Qld	23	29804
Rest of Qld	24	30230
Rest of Qld	25	30930
Rest of Qld	26	31864
Rest of Qld	27	32379
Rest of Qld	28	32937
Rest of Qld	29	33134
Rest of Qld	30	33315
Rest of Qld	31	33214
Rest of Qld	32	32400
Rest of Qld	33	32164
Rest of Qld	34	32614
Rest of Qld	35	32969
Rest of Qld	36	33030
Rest of Qld	37	33165
Rest of Qld	38	34192
Rest of Qld	39	33108
Rest of Qld	40	33094
Rest of Qld	41	31700
Rest of Qld	42	31772
Rest of Qld	43	30665
Rest of Qld	44	31651
Rest of Qld	45	32048
Rest of Qld	46	32570
Rest of Qld	47	33897
Rest of Qld	48	35325
Rest of Qld	49	36452
Rest of Qld	50	37675
Rest of Qld	51	34874
Rest of Qld	52	34475
Rest of Qld	53	32881
Rest of Qld	54	32902
Rest of Qld	55	32849
Rest of Qld	56	33284
Rest of Qld	57	34771
Rest of Qld	58	35261
Rest of Qld	59	35366
Rest of Qld	60	35508
Rest of Qld	61	34005
Rest of Qld	62	33328
Rest of Qld	63	32813
Rest of Qld	64	31826
Rest of Qld	65	31188
Rest of Qld	66	30811
Rest of Qld	67	29931
Rest of Qld	68	29661
Rest of Qld	69	28702
Rest of Qld	70	28464
Rest of Qld	71	27829
Rest of Qld	72	26783
Rest of Qld	73	26218
Rest of Qld	74	27579
Rest of Qld	75	22343
Rest of Qld	76	21531
Rest of Qld	77	19741
Rest of Qld	78	17015
Rest of Qld	79	16459
Rest of Qld	80	61446
Rest of Qld	85	33864
Rest of Qld	90	15729
Rest of Qld	95	4128
Rest of Qld	100	489
No usual address (SA)	0	30
No usual address (SA)	1	21
No usual address (SA)	2	24
No usual address (SA)	3	23
No usual address (SA)	4	39
No usual address (SA)	5	34
No usual address (SA)	6	24
No usual address (SA)	7	33
No usual address (SA)	8	28
No usual address (SA)	9	34
No usual address (SA)	10	30
No usual address (SA)	11	22
No usual address (SA)	12	24
No usual address (SA)	13	29
No usual address (SA)	14	11
No usual address (SA)	15	26
No usual address (SA)	16	44
No usual address (SA)	17	32
No usual address (SA)	18	42
No usual address (SA)	19	48
No usual address (SA)	20	39
No usual address (SA)	21	64
No usual address (SA)	22	29
No usual address (SA)	23	36
No usual address (SA)	24	34
No usual address (SA)	25	72
No usual address (SA)	26	73
No usual address (SA)	27	43
No usual address (SA)	28	60
No usual address (SA)	29	59
No usual address (SA)	30	72
No usual address (SA)	31	57
No usual address (SA)	32	70
No usual address (SA)	33	64
No usual address (SA)	34	51
No usual address (SA)	35	47
No usual address (SA)	36	69
No usual address (SA)	37	70
No usual address (SA)	38	56
No usual address (SA)	39	52
No usual address (SA)	40	66
No usual address (SA)	41	35
No usual address (SA)	42	48
No usual address (SA)	43	37
No usual address (SA)	44	50
No usual address (SA)	45	53
No usual address (SA)	46	51
No usual address (SA)	47	37
No usual address (SA)	48	49
No usual address (SA)	49	38
No usual address (SA)	50	62
No usual address (SA)	51	55
No usual address (SA)	52	37
No usual address (SA)	53	44
No usual address (SA)	54	46
No usual address (SA)	55	58
No usual address (SA)	56	50
No usual address (SA)	57	46
No usual address (SA)	58	39
No usual address (SA)	59	46
No usual address (SA)	60	69
No usual address (SA)	61	57
No usual address (SA)	62	53
No usual address (SA)	63	46
No usual address (SA)	64	46
No usual address (SA)	65	48
No usual address (SA)	66	48
No usual address (SA)	67	37
No usual address (SA)	68	35
No usual address (SA)	69	35
No usual address (SA)	70	23
No usual address (SA)	71	38
No usual address (SA)	72	35
No usual address (SA)	73	16
No usual address (SA)	74	34
No usual address (SA)	75	6
No usual address (SA)	76	10
No usual address (SA)	77	11
No usual address (SA)	78	7
No usual address (SA)	79	12
No usual address (SA)	80	18
No usual address (SA)	85	4
No usual address (SA)	90	3
No usual address (SA)	95	4
Migratory - Offshore - Shipping (SA)	39	3
Migratory - Offshore - Shipping (SA)	45	5
Migratory - Offshore - Shipping (SA)	48	3
Migratory - Offshore - Shipping (SA)	53	7
Greater Adelaide	0	14678
Greater Adelaide	1	14847
Greater Adelaide	2	14758
Greater Adelaide	3	15095
Greater Adelaide	4	15371
Greater Adelaide	5	16105
Greater Adelaide	6	16022
Greater Adelaide	7	16274
Greater Adelaide	8	16422
Greater Adelaide	9	16609
Greater Adelaide	10	16103
Greater Adelaide	11	16359
Greater Adelaide	12	16254
Greater Adelaide	13	16381
Greater Adelaide	14	16250
Greater Adelaide	15	15813
Greater Adelaide	16	15294
Greater Adelaide	17	15600
Greater Adelaide	18	15581
Greater Adelaide	19	15996
Greater Adelaide	20	17235
Greater Adelaide	21	18153
Greater Adelaide	22	18213
Greater Adelaide	23	18494
Greater Adelaide	24	18967
Greater Adelaide	25	19418
Greater Adelaide	26	19717
Greater Adelaide	27	19146
Greater Adelaide	28	19320
Greater Adelaide	29	19251
Greater Adelaide	30	19310
Greater Adelaide	31	19463
Greater Adelaide	32	19314
Greater Adelaide	33	19375
Greater Adelaide	34	19394
Greater Adelaide	35	19694
Greater Adelaide	36	19663
Greater Adelaide	37	19801
Greater Adelaide	38	19566
Greater Adelaide	39	18739
Greater Adelaide	40	18513
Greater Adelaide	41	17590
Greater Adelaide	42	17332
Greater Adelaide	43	16696
Greater Adelaide	44	17061
Greater Adelaide	45	16587
Greater Adelaide	46	16925
Greater Adelaide	47	17175
Greater Adelaide	48	17540
Greater Adelaide	49	18454
Greater Adelaide	50	18739
Greater Adelaide	51	17923
Greater Adelaide	52	17703
Greater Adelaide	53	17307
Greater Adelaide	54	16711
Greater Adelaide	55	16936
Greater Adelaide	56	17152
Greater Adelaide	57	17358
Greater Adelaide	58	17324
Greater Adelaide	59	17136
Greater Adelaide	60	17410
Greater Adelaide	61	16773
Greater Adelaide	62	16584
Greater Adelaide	63	15987
Greater Adelaide	64	15750
Greater Adelaide	65	15307
Greater Adelaide	66	14947
Greater Adelaide	67	14559
Greater Adelaide	68	14456
Greater Adelaide	69	14064
Greater Adelaide	70	13892
Greater Adelaide	71	13576
Greater Adelaide	72	13141
Greater Adelaide	73	12950
Greater Adelaide	74	13850
Greater Adelaide	75	11148
Greater Adelaide	76	10329
Greater Adelaide	77	9553
Greater Adelaide	78	8736
Greater Adelaide	79	8278
Greater Adelaide	80	33513
Greater Adelaide	85	21107
Greater Adelaide	90	11283
Greater Adelaide	95	3419
Greater Adelaide	100	455
Rest of SA	0	3721
Rest of SA	1	3666
Rest of SA	2	3927
Rest of SA	3	3994
Rest of SA	4	4028
Rest of SA	5	4296
Rest of SA	6	4229
Rest of SA	7	4476
Rest of SA	8	4512
Rest of SA	9	4652
Rest of SA	10	4604
Rest of SA	11	4734
Rest of SA	12	4797
Rest of SA	13	4777
Rest of SA	14	4779
Rest of SA	15	4543
Rest of SA	16	4413
Rest of SA	17	4186
Rest of SA	18	3819
Rest of SA	19	3730
Rest of SA	20	3438
Rest of SA	21	3471
Rest of SA	22	3592
Rest of SA	23	3607
Rest of SA	24	3787
Rest of SA	25	3843
Rest of SA	26	4062
Rest of SA	27	3983
Rest of SA	28	4137
Rest of SA	29	4000
Rest of SA	30	4284
Rest of SA	31	4161
Rest of SA	32	4211
Rest of SA	33	4115
Rest of SA	34	4150
Rest of SA	35	4282
Rest of SA	36	4276
Rest of SA	37	4252
Rest of SA	38	4226
Rest of SA	39	4200
Rest of SA	40	4108
Rest of SA	41	4041
Rest of SA	42	3914
Rest of SA	43	4097
Rest of SA	44	4086
Rest of SA	45	4319
Rest of SA	46	4310
Rest of SA	47	4426
Rest of SA	48	4710
Rest of SA	49	5029
Rest of SA	50	5484
Rest of SA	51	5213
Rest of SA	52	5307
Rest of SA	53	5201
Rest of SA	54	5087
Rest of SA	55	5144
Rest of SA	56	5387
Rest of SA	57	5590
Rest of SA	58	5993
Rest of SA	59	6037
Rest of SA	60	6210
Rest of SA	61	6069
Rest of SA	62	6037
Rest of SA	63	5863
Rest of SA	64	5890
Rest of SA	65	5903
Rest of SA	66	5743
Rest of SA	67	5732
Rest of SA	68	5828
Rest of SA	69	5550
Rest of SA	70	5487
Rest of SA	71	5452
Rest of SA	72	5227
Rest of SA	73	4936
Rest of SA	74	5381
Rest of SA	75	4343
Rest of SA	76	4216
Rest of SA	77	3804
Rest of SA	78	3363
Rest of SA	79	3172
Rest of SA	80	12130
Rest of SA	85	6696
Rest of SA	90	3298
Rest of SA	95	931
Rest of SA	100	119
No usual address (WA)	0	53
No usual address (WA)	1	58
No usual address (WA)	2	73
No usual address (WA)	3	53
No usual address (WA)	4	63
No usual address (WA)	5	60
No usual address (WA)	6	46
No usual address (WA)	7	53
No usual address (WA)	8	57
No usual address (WA)	9	49
No usual address (WA)	10	67
No usual address (WA)	11	40
No usual address (WA)	12	27
No usual address (WA)	13	44
No usual address (WA)	14	41
No usual address (WA)	15	38
No usual address (WA)	16	42
No usual address (WA)	17	52
No usual address (WA)	18	71
No usual address (WA)	19	65
No usual address (WA)	20	123
No usual address (WA)	21	88
No usual address (WA)	22	103
No usual address (WA)	23	102
No usual address (WA)	24	141
No usual address (WA)	25	148
No usual address (WA)	26	153
No usual address (WA)	27	136
No usual address (WA)	28	161
No usual address (WA)	29	139
No usual address (WA)	30	230
No usual address (WA)	31	128
No usual address (WA)	32	141
No usual address (WA)	33	141
No usual address (WA)	34	130
No usual address (WA)	35	240
No usual address (WA)	36	141
No usual address (WA)	37	128
No usual address (WA)	38	145
No usual address (WA)	39	113
No usual address (WA)	40	277
No usual address (WA)	41	126
No usual address (WA)	42	118
No usual address (WA)	43	117
No usual address (WA)	44	135
No usual address (WA)	45	195
No usual address (WA)	46	118
No usual address (WA)	47	107
No usual address (WA)	48	131
No usual address (WA)	49	132
No usual address (WA)	50	202
No usual address (WA)	51	97
No usual address (WA)	52	121
No usual address (WA)	53	118
No usual address (WA)	54	94
No usual address (WA)	55	133
No usual address (WA)	56	105
No usual address (WA)	57	89
No usual address (WA)	58	110
No usual address (WA)	59	114
No usual address (WA)	60	172
No usual address (WA)	61	84
No usual address (WA)	62	117
No usual address (WA)	63	107
No usual address (WA)	64	116
No usual address (WA)	65	128
No usual address (WA)	66	111
No usual address (WA)	67	67
No usual address (WA)	68	91
No usual address (WA)	69	83
No usual address (WA)	70	86
No usual address (WA)	71	71
No usual address (WA)	72	45
No usual address (WA)	73	48
No usual address (WA)	74	37
No usual address (WA)	75	41
No usual address (WA)	76	36
No usual address (WA)	77	17
No usual address (WA)	78	13
No usual address (WA)	79	7
No usual address (WA)	80	42
No usual address (WA)	85	17
No usual address (WA)	90	13
No usual address (WA)	95	4
Migratory - Offshore - Shipping (WA)	18	5
Migratory - Offshore - Shipping (WA)	21	6
Migratory - Offshore - Shipping (WA)	22	4
Migratory - Offshore - Shipping (WA)	23	7
Migratory - Offshore - Shipping (WA)	24	10
Migratory - Offshore - Shipping (WA)	25	6
Migratory - Offshore - Shipping (WA)	26	10
Migratory - Offshore - Shipping (WA)	27	10
Migratory - Offshore - Shipping (WA)	28	18
Migratory - Offshore - Shipping (WA)	29	12
Migratory - Offshore - Shipping (WA)	30	3
Migratory - Offshore - Shipping (WA)	31	10
Migratory - Offshore - Shipping (WA)	32	10
Migratory - Offshore - Shipping (WA)	33	11
Migratory - Offshore - Shipping (WA)	34	20
Migratory - Offshore - Shipping (WA)	35	17
Migratory - Offshore - Shipping (WA)	36	12
Migratory - Offshore - Shipping (WA)	37	34
Migratory - Offshore - Shipping (WA)	38	26
Migratory - Offshore - Shipping (WA)	39	8
Migratory - Offshore - Shipping (WA)	40	22
Migratory - Offshore - Shipping (WA)	41	14
Migratory - Offshore - Shipping (WA)	42	18
Migratory - Offshore - Shipping (WA)	43	22
Migratory - Offshore - Shipping (WA)	44	13
Migratory - Offshore - Shipping (WA)	45	5
Migratory - Offshore - Shipping (WA)	46	17
Migratory - Offshore - Shipping (WA)	47	17
Migratory - Offshore - Shipping (WA)	48	8
Migratory - Offshore - Shipping (WA)	49	11
Migratory - Offshore - Shipping (WA)	50	8
Migratory - Offshore - Shipping (WA)	51	13
Migratory - Offshore - Shipping (WA)	52	10
Migratory - Offshore - Shipping (WA)	53	9
Migratory - Offshore - Shipping (WA)	54	3
Migratory - Offshore - Shipping (WA)	55	4
Migratory - Offshore - Shipping (WA)	56	10
Migratory - Offshore - Shipping (WA)	58	11
Migratory - Offshore - Shipping (WA)	59	4
Migratory - Offshore - Shipping (WA)	60	12
Migratory - Offshore - Shipping (WA)	61	10
Migratory - Offshore - Shipping (WA)	62	7
Migratory - Offshore - Shipping (WA)	63	8
Migratory - Offshore - Shipping (WA)	65	4
Migratory - Offshore - Shipping (WA)	66	4
Migratory - Offshore - Shipping (WA)	67	3
Migratory - Offshore - Shipping (WA)	69	3
Migratory - Offshore - Shipping (WA)	70	3
Greater Perth	0	24898
Greater Perth	1	25476
Greater Perth	2	25818
Greater Perth	3	26343
Greater Perth	4	27076
Greater Perth	5	27722
Greater Perth	6	27131
Greater Perth	7	27114
Greater Perth	8	27397
Greater Perth	9	27051
Greater Perth	10	27237
Greater Perth	11	27074
Greater Perth	12	26698
Greater Perth	13	27296
Greater Perth	14	26921
Greater Perth	15	25906
Greater Perth	16	24753
Greater Perth	17	24293
Greater Perth	18	24064
Greater Perth	19	24299
Greater Perth	20	25700
Greater Perth	21	26454
Greater Perth	22	26774
Greater Perth	23	26623
Greater Perth	24	27069
Greater Perth	25	27777
Greater Perth	26	28680
Greater Perth	27	28922
Greater Perth	28	28911
Greater Perth	29	29560
Greater Perth	30	30933
Greater Perth	31	31741
Greater Perth	32	32155
Greater Perth	33	32406
Greater Perth	34	32823
Greater Perth	35	33110
Greater Perth	36	33197
Greater Perth	37	32835
Greater Perth	38	32712
Greater Perth	39	31581
Greater Perth	40	30868
Greater Perth	41	29218
Greater Perth	42	28497
Greater Perth	43	27722
Greater Perth	44	27177
Greater Perth	45	27339
Greater Perth	46	27261
Greater Perth	47	27172
Greater Perth	48	27723
Greater Perth	49	29020
Greater Perth	50	29489
Greater Perth	51	27579
Greater Perth	52	27596
Greater Perth	53	25996
Greater Perth	54	25395
Greater Perth	55	25056
Greater Perth	56	24989
Greater Perth	57	25481
Greater Perth	58	25420
Greater Perth	59	24773
Greater Perth	60	24330
Greater Perth	61	23655
Greater Perth	62	22852
Greater Perth	63	22124
Greater Perth	64	21517
Greater Perth	65	21706
Greater Perth	66	20769
Greater Perth	67	20011
Greater Perth	68	19605
Greater Perth	69	19035
Greater Perth	70	18488
Greater Perth	71	17968
Greater Perth	72	17417
Greater Perth	73	17098
Greater Perth	74	17859
Greater Perth	75	13774
Greater Perth	76	12992
Greater Perth	77	12473
Greater Perth	78	10852
Greater Perth	79	10769
Greater Perth	80	42242
Greater Perth	85	24962
Greater Perth	90	12083
Greater Perth	95	3350
Greater Perth	100	438
Rest of WA	0	5897
Rest of WA	1	6301
Rest of WA	2	6395
Rest of WA	3	6541
Rest of WA	4	6717
Rest of WA	5	7074
Rest of WA	6	7125
Rest of WA	7	7308
Rest of WA	8	7205
Rest of WA	9	7268
Rest of WA	10	7240
Rest of WA	11	7399
Rest of WA	12	7069
Rest of WA	13	7102
Rest of WA	14	7137
Rest of WA	15	6770
Rest of WA	16	6333
Rest of WA	17	6207
Rest of WA	18	5394
Rest of WA	19	4965
Rest of WA	20	4735
Rest of WA	21	4845
Rest of WA	22	5116
Rest of WA	23	5325
Rest of WA	24	5572
Rest of WA	25	5828
Rest of WA	26	6195
Rest of WA	27	6386
Rest of WA	28	6451
Rest of WA	29	6526
Rest of WA	30	6950
Rest of WA	31	7016
Rest of WA	32	7140
Rest of WA	33	7097
Rest of WA	34	7223
Rest of WA	35	7408
Rest of WA	36	7274
Rest of WA	37	7359
Rest of WA	38	7369
Rest of WA	39	7202
Rest of WA	40	7187
Rest of WA	41	6889
Rest of WA	42	6922
Rest of WA	43	6629
Rest of WA	44	6621
Rest of WA	45	6709
Rest of WA	46	6869
Rest of WA	47	6971
Rest of WA	48	7140
Rest of WA	49	7696
Rest of WA	50	7983
Rest of WA	51	7395
Rest of WA	52	7288
Rest of WA	53	7259
Rest of WA	54	6953
Rest of WA	55	7167
Rest of WA	56	7150
Rest of WA	57	7271
Rest of WA	58	7483
Rest of WA	59	7402
Rest of WA	60	7587
Rest of WA	61	7155
Rest of WA	62	7193
Rest of WA	63	6866
Rest of WA	64	6769
Rest of WA	65	6778
Rest of WA	66	6259
Rest of WA	67	5972
Rest of WA	68	5881
Rest of WA	69	5680
Rest of WA	70	5646
Rest of WA	71	5275
Rest of WA	72	5149
Rest of WA	73	4906
Rest of WA	74	5116
Rest of WA	75	3907
Rest of WA	76	3677
Rest of WA	77	3493
Rest of WA	78	2946
Rest of WA	79	3024
Rest of WA	80	10826
Rest of WA	85	5918
Rest of WA	90	2585
Rest of WA	95	658
Rest of WA	100	78
No usual address (Tas.)	0	3
No usual address (Tas.)	1	15
No usual address (Tas.)	2	11
No usual address (Tas.)	3	8
No usual address (Tas.)	4	6
No usual address (Tas.)	5	8
No usual address (Tas.)	6	8
No usual address (Tas.)	7	7
No usual address (Tas.)	8	12
No usual address (Tas.)	9	14
No usual address (Tas.)	10	13
No usual address (Tas.)	11	8
No usual address (Tas.)	12	5
No usual address (Tas.)	13	10
No usual address (Tas.)	14	4
No usual address (Tas.)	15	14
No usual address (Tas.)	16	11
No usual address (Tas.)	17	22
No usual address (Tas.)	18	20
No usual address (Tas.)	19	27
No usual address (Tas.)	20	38
No usual address (Tas.)	21	26
No usual address (Tas.)	22	16
No usual address (Tas.)	23	20
No usual address (Tas.)	24	15
No usual address (Tas.)	25	20
No usual address (Tas.)	26	30
No usual address (Tas.)	27	23
No usual address (Tas.)	28	23
No usual address (Tas.)	29	18
No usual address (Tas.)	30	34
No usual address (Tas.)	31	20
No usual address (Tas.)	32	24
No usual address (Tas.)	33	19
No usual address (Tas.)	34	16
No usual address (Tas.)	35	18
No usual address (Tas.)	36	15
No usual address (Tas.)	37	20
No usual address (Tas.)	38	6
No usual address (Tas.)	39	24
No usual address (Tas.)	40	29
No usual address (Tas.)	41	27
No usual address (Tas.)	42	20
No usual address (Tas.)	43	19
No usual address (Tas.)	44	14
No usual address (Tas.)	45	23
No usual address (Tas.)	46	20
No usual address (Tas.)	47	7
No usual address (Tas.)	48	20
No usual address (Tas.)	49	17
No usual address (Tas.)	50	35
No usual address (Tas.)	51	16
No usual address (Tas.)	52	22
No usual address (Tas.)	53	29
No usual address (Tas.)	54	15
No usual address (Tas.)	55	19
No usual address (Tas.)	56	22
No usual address (Tas.)	57	24
No usual address (Tas.)	58	17
No usual address (Tas.)	59	24
No usual address (Tas.)	60	28
No usual address (Tas.)	61	24
No usual address (Tas.)	62	14
No usual address (Tas.)	63	19
No usual address (Tas.)	64	17
No usual address (Tas.)	65	14
No usual address (Tas.)	66	14
No usual address (Tas.)	67	23
No usual address (Tas.)	68	18
No usual address (Tas.)	69	22
No usual address (Tas.)	70	13
No usual address (Tas.)	71	21
No usual address (Tas.)	72	10
No usual address (Tas.)	73	9
No usual address (Tas.)	74	13
No usual address (Tas.)	75	8
No usual address (Tas.)	76	5
No usual address (Tas.)	79	9
No usual address (Tas.)	80	6
No usual address (Tas.)	85	3
Greater Hobart	0	2555
Greater Hobart	1	2621
Greater Hobart	2	2541
Greater Hobart	3	2497
Greater Hobart	4	2639
Greater Hobart	5	2841
Greater Hobart	6	2747
Greater Hobart	7	2837
Greater Hobart	8	2840
Greater Hobart	9	2777
Greater Hobart	10	2990
Greater Hobart	11	2868
Greater Hobart	12	2940
Greater Hobart	13	2961
Greater Hobart	14	2915
Greater Hobart	15	2771
Greater Hobart	16	2780
Greater Hobart	17	2596
Greater Hobart	18	2551
Greater Hobart	19	2616
Greater Hobart	20	2799
Greater Hobart	21	2732
Greater Hobart	22	2944
Greater Hobart	23	3067
Greater Hobart	24	3274
Greater Hobart	25	3614
Greater Hobart	26	3946
Greater Hobart	27	4150
Greater Hobart	28	4089
Greater Hobart	29	4118
Greater Hobart	30	4227
Greater Hobart	31	4180
Greater Hobart	32	4002
Greater Hobart	33	3761
Greater Hobart	34	3667
Greater Hobart	35	3662
Greater Hobart	36	3564
Greater Hobart	37	3351
Greater Hobart	38	3288
Greater Hobart	39	3258
Greater Hobart	40	3091
Greater Hobart	41	3001
Greater Hobart	42	2872
Greater Hobart	43	2809
Greater Hobart	44	2757
Greater Hobart	45	2836
Greater Hobart	46	2836
Greater Hobart	47	3023
Greater Hobart	48	2917
Greater Hobart	49	3105
Greater Hobart	50	3212
Greater Hobart	51	3021
Greater Hobart	52	3052
Greater Hobart	53	2872
Greater Hobart	54	2776
Greater Hobart	55	2564
Greater Hobart	56	2851
Greater Hobart	57	3152
Greater Hobart	58	3074
Greater Hobart	59	3153
Greater Hobart	60	3171
Greater Hobart	61	3056
Greater Hobart	62	3026
Greater Hobart	63	2950
Greater Hobart	64	2936
Greater Hobart	65	2885
Greater Hobart	66	2758
Greater Hobart	67	2646
Greater Hobart	68	2736
Greater Hobart	69	2740
Greater Hobart	70	2584
Greater Hobart	71	2526
Greater Hobart	72	2308
Greater Hobart	73	2374
Greater Hobart	74	2581
Greater Hobart	75	1980
Greater Hobart	76	1803
Greater Hobart	77	1778
Greater Hobart	78	1554
Greater Hobart	79	1471
Greater Hobart	80	6011
Greater Hobart	85	3425
Greater Hobart	90	1700
Greater Hobart	95	447
Greater Hobart	100	58
Rest of Tas.	0	2929
Rest of Tas.	1	3013
Rest of Tas.	2	3110
Rest of Tas.	3	3123
Rest of Tas.	4	3210
Rest of Tas.	5	3284
Rest of Tas.	6	3344
Rest of Tas.	7	3452
Rest of Tas.	8	3492
Rest of Tas.	9	3486
Rest of Tas.	10	3563
Rest of Tas.	11	3541
Rest of Tas.	12	3868
Rest of Tas.	13	3705
Rest of Tas.	14	3809
Rest of Tas.	15	3702
Rest of Tas.	16	3458
Rest of Tas.	17	3317
Rest of Tas.	18	3158
Rest of Tas.	19	3015
Rest of Tas.	20	3063
Rest of Tas.	21	3240
Rest of Tas.	22	3256
Rest of Tas.	23	3136
Rest of Tas.	24	3388
Rest of Tas.	25	3496
Rest of Tas.	26	3809
Rest of Tas.	27	3819
Rest of Tas.	28	3816
Rest of Tas.	29	3778
Rest of Tas.	30	3755
Rest of Tas.	31	3677
Rest of Tas.	32	3529
Rest of Tas.	33	3518
Rest of Tas.	34	3474
Rest of Tas.	35	3485
Rest of Tas.	36	3570
Rest of Tas.	37	3544
Rest of Tas.	38	3397
Rest of Tas.	39	3496
Rest of Tas.	40	3415
Rest of Tas.	41	3201
Rest of Tas.	42	3422
Rest of Tas.	43	3324
Rest of Tas.	44	3240
Rest of Tas.	45	3426
Rest of Tas.	46	3512
Rest of Tas.	47	3517
Rest of Tas.	48	3874
Rest of Tas.	49	4093
Rest of Tas.	50	4370
Rest of Tas.	51	4164
Rest of Tas.	52	4205
Rest of Tas.	53	4094
Rest of Tas.	54	4080
Rest of Tas.	55	4089
Rest of Tas.	56	4178
Rest of Tas.	57	4438
Rest of Tas.	58	4562
Rest of Tas.	59	4825
Rest of Tas.	60	4849
Rest of Tas.	61	4705
Rest of Tas.	62	4616
Rest of Tas.	63	4520
Rest of Tas.	64	4460
Rest of Tas.	65	4462
Rest of Tas.	66	4305
Rest of Tas.	67	4237
Rest of Tas.	68	4174
Rest of Tas.	69	4095
Rest of Tas.	70	3996
Rest of Tas.	71	3984
Rest of Tas.	72	3794
Rest of Tas.	73	3700
Rest of Tas.	74	3936
Rest of Tas.	75	3100
Rest of Tas.	76	2905
Rest of Tas.	77	2794
Rest of Tas.	78	2324
Rest of Tas.	79	2294
Rest of Tas.	80	8596
Rest of Tas.	85	4712
Rest of Tas.	90	2098
Rest of Tas.	95	510
Rest of Tas.	100	45
No usual address (NT)	0	22
No usual address (NT)	1	35
No usual address (NT)	2	34
No usual address (NT)	3	44
No usual address (NT)	4	25
No usual address (NT)	5	42
No usual address (NT)	6	31
No usual address (NT)	7	35
No usual address (NT)	8	23
No usual address (NT)	9	40
No usual address (NT)	10	34
No usual address (NT)	11	29
No usual address (NT)	12	26
No usual address (NT)	13	15
No usual address (NT)	14	11
No usual address (NT)	15	18
No usual address (NT)	16	15
No usual address (NT)	17	8
No usual address (NT)	18	23
No usual address (NT)	19	31
No usual address (NT)	20	31
No usual address (NT)	21	32
No usual address (NT)	22	33
No usual address (NT)	23	42
No usual address (NT)	24	41
No usual address (NT)	25	67
No usual address (NT)	26	64
No usual address (NT)	27	72
No usual address (NT)	28	56
No usual address (NT)	29	70
No usual address (NT)	30	69
No usual address (NT)	31	67
No usual address (NT)	32	65
No usual address (NT)	33	71
No usual address (NT)	34	58
No usual address (NT)	35	57
No usual address (NT)	36	66
No usual address (NT)	37	60
No usual address (NT)	38	44
No usual address (NT)	39	65
No usual address (NT)	40	54
No usual address (NT)	41	69
No usual address (NT)	42	45
No usual address (NT)	43	56
No usual address (NT)	44	46
No usual address (NT)	45	64
No usual address (NT)	46	45
No usual address (NT)	47	62
No usual address (NT)	48	55
No usual address (NT)	49	69
No usual address (NT)	50	61
No usual address (NT)	51	62
No usual address (NT)	52	57
No usual address (NT)	53	62
No usual address (NT)	54	55
No usual address (NT)	55	46
No usual address (NT)	56	64
No usual address (NT)	57	51
No usual address (NT)	58	72
No usual address (NT)	59	57
No usual address (NT)	60	54
No usual address (NT)	61	61
No usual address (NT)	62	54
No usual address (NT)	63	50
No usual address (NT)	64	57
No usual address (NT)	65	51
No usual address (NT)	66	40
No usual address (NT)	67	45
No usual address (NT)	68	35
No usual address (NT)	69	38
No usual address (NT)	70	27
No usual address (NT)	71	23
No usual address (NT)	72	18
No usual address (NT)	73	19
No usual address (NT)	74	14
No usual address (NT)	75	8
No usual address (NT)	76	12
No usual address (NT)	77	6
No usual address (NT)	79	5
No usual address (NT)	80	13
No usual address (NT)	85	7
Migratory - Offshore - Shipping (NT)	17	7
Migratory - Offshore - Shipping (NT)	23	3
Migratory - Offshore - Shipping (NT)	28	3
Migratory - Offshore - Shipping (NT)	30	3
Migratory - Offshore - Shipping (NT)	31	3
Migratory - Offshore - Shipping (NT)	32	7
Migratory - Offshore - Shipping (NT)	33	5
Migratory - Offshore - Shipping (NT)	34	5
Migratory - Offshore - Shipping (NT)	36	4
Migratory - Offshore - Shipping (NT)	38	4
Migratory - Offshore - Shipping (NT)	39	3
Migratory - Offshore - Shipping (NT)	40	4
Migratory - Offshore - Shipping (NT)	44	6
Migratory - Offshore - Shipping (NT)	45	5
Migratory - Offshore - Shipping (NT)	50	3
Migratory - Offshore - Shipping (NT)	51	3
Migratory - Offshore - Shipping (NT)	57	3
Migratory - Offshore - Shipping (NT)	60	4
Migratory - Offshore - Shipping (NT)	61	3
Migratory - Offshore - Shipping (NT)	62	9
Greater Darwin	0	1926
Greater Darwin	1	1890
Greater Darwin	2	1918
Greater Darwin	3	1868
Greater Darwin	4	1941
Greater Darwin	5	1918
Greater Darwin	6	1960
Greater Darwin	7	1955
Greater Darwin	8	1946
Greater Darwin	9	1945
Greater Darwin	10	1809
Greater Darwin	11	1853
Greater Darwin	12	1764
Greater Darwin	13	1860
Greater Darwin	14	1725
Greater Darwin	15	1647
Greater Darwin	16	1606
Greater Darwin	17	1517
Greater Darwin	18	1520
Greater Darwin	19	1357
Greater Darwin	20	1554
Greater Darwin	21	1588
Greater Darwin	22	1801
Greater Darwin	23	1996
Greater Darwin	24	2104
Greater Darwin	25	2346
Greater Darwin	26	2488
Greater Darwin	27	2567
Greater Darwin	28	2628
Greater Darwin	29	2561
Greater Darwin	30	2786
Greater Darwin	31	2779
Greater Darwin	32	2615
Greater Darwin	33	2649
Greater Darwin	34	2531
Greater Darwin	35	2511
Greater Darwin	36	2389
Greater Darwin	37	2431
Greater Darwin	38	2318
Greater Darwin	39	2200
Greater Darwin	40	2158
Greater Darwin	41	2124
Greater Darwin	42	2091
Greater Darwin	43	1952
Greater Darwin	44	1937
Greater Darwin	45	1878
Greater Darwin	46	1854
Greater Darwin	47	1843
Greater Darwin	48	1887
Greater Darwin	49	1878
Greater Darwin	50	2015
Greater Darwin	51	1900
Greater Darwin	52	1799
Greater Darwin	53	1687
Greater Darwin	54	1663
Greater Darwin	55	1668
Greater Darwin	56	1575
Greater Darwin	57	1518
Greater Darwin	58	1609
Greater Darwin	59	1553
Greater Darwin	60	1522
Greater Darwin	61	1389
Greater Darwin	62	1347
Greater Darwin	63	1243
Greater Darwin	64	1212
Greater Darwin	65	1128
Greater Darwin	66	1123
Greater Darwin	67	1080
Greater Darwin	68	1002
Greater Darwin	69	922
Greater Darwin	70	925
Greater Darwin	71	882
Greater Darwin	72	787
Greater Darwin	73	754
Greater Darwin	74	769
Greater Darwin	75	575
Greater Darwin	76	492
Greater Darwin	77	452
Greater Darwin	78	392
Greater Darwin	79	395
Greater Darwin	80	1306
Greater Darwin	85	547
Greater Darwin	90	232
Greater Darwin	95	53
Greater Darwin	100	3
Rest of NT	0	1106
Rest of NT	1	1410
Rest of NT	2	1279
Rest of NT	3	1330
Rest of NT	4	1379
Rest of NT	5	1401
Rest of NT	6	1496
Rest of NT	7	1313
Rest of NT	8	1323
Rest of NT	9	1409
Rest of NT	10	1448
Rest of NT	11	1397
Rest of NT	12	1352
Rest of NT	13	1217
Rest of NT	14	1289
Rest of NT	15	1257
Rest of NT	16	1200
Rest of NT	17	1252
Rest of NT	18	1305
Rest of NT	19	1403
Rest of NT	20	1396
Rest of NT	21	1276
Rest of NT	22	1274
Rest of NT	23	1294
Rest of NT	24	1314
Rest of NT	25	1536
Rest of NT	26	1549
Rest of NT	27	1582
Rest of NT	28	1644
Rest of NT	29	1719
Rest of NT	30	1850
Rest of NT	31	1657
Rest of NT	32	1634
Rest of NT	33	1527
Rest of NT	34	1567
Rest of NT	35	1621
Rest of NT	36	1524
Rest of NT	37	1444
Rest of NT	38	1403
Rest of NT	39	1242
Rest of NT	40	1558
Rest of NT	41	1095
Rest of NT	42	1174
Rest of NT	43	1045
Rest of NT	44	1007
Rest of NT	45	1153
Rest of NT	46	984
Rest of NT	47	1077
Rest of NT	48	1094
Rest of NT	49	1113
Rest of NT	50	1298
Rest of NT	51	1115
Rest of NT	52	1084
Rest of NT	53	1033
Rest of NT	54	1017
Rest of NT	55	1031
Rest of NT	56	962
Rest of NT	57	976
Rest of NT	58	942
Rest of NT	59	940
Rest of NT	60	986
Rest of NT	61	781
Rest of NT	62	823
Rest of NT	63	790
Rest of NT	64	766
Rest of NT	65	749
Rest of NT	66	619
Rest of NT	67	592
Rest of NT	68	527
Rest of NT	69	476
Rest of NT	70	477
Rest of NT	71	424
Rest of NT	72	343
Rest of NT	73	307
Rest of NT	74	286
Rest of NT	75	244
Rest of NT	76	207
Rest of NT	77	179
Rest of NT	78	175
Rest of NT	79	147
Rest of NT	80	555
Rest of NT	85	211
Rest of NT	90	91
Rest of NT	95	19
Rest of NT	100	5
No usual address (ACT)	0	4
No usual address (ACT)	1	5
No usual address (ACT)	3	11
No usual address (ACT)	4	5
No usual address (ACT)	6	3
No usual address (ACT)	7	3
No usual address (ACT)	10	3
No usual address (ACT)	11	4
No usual address (ACT)	12	4
No usual address (ACT)	16	13
No usual address (ACT)	17	12
No usual address (ACT)	18	18
No usual address (ACT)	19	11
No usual address (ACT)	20	18
No usual address (ACT)	21	17
No usual address (ACT)	22	19
No usual address (ACT)	23	11
No usual address (ACT)	24	16
No usual address (ACT)	25	8
No usual address (ACT)	26	12
No usual address (ACT)	27	11
No usual address (ACT)	28	17
No usual address (ACT)	29	13
No usual address (ACT)	30	11
No usual address (ACT)	31	13
No usual address (ACT)	32	9
No usual address (ACT)	33	9
No usual address (ACT)	34	3
No usual address (ACT)	35	19
No usual address (ACT)	36	7
No usual address (ACT)	37	9
No usual address (ACT)	38	4
No usual address (ACT)	39	4
No usual address (ACT)	40	14
No usual address (ACT)	41	7
No usual address (ACT)	42	19
No usual address (ACT)	43	6
No usual address (ACT)	44	17
No usual address (ACT)	45	15
No usual address (ACT)	46	10
No usual address (ACT)	47	3
No usual address (ACT)	48	6
No usual address (ACT)	49	13
No usual address (ACT)	50	5
No usual address (ACT)	51	15
No usual address (ACT)	52	6
No usual address (ACT)	53	11
No usual address (ACT)	56	5
No usual address (ACT)	57	12
No usual address (ACT)	58	7
No usual address (ACT)	59	5
No usual address (ACT)	60	17
No usual address (ACT)	61	5
No usual address (ACT)	62	12
No usual address (ACT)	63	4
No usual address (ACT)	64	7
No usual address (ACT)	65	3
No usual address (ACT)	67	9
No usual address (ACT)	68	8
No usual address (ACT)	69	4
No usual address (ACT)	70	5
No usual address (ACT)	72	6
No usual address (ACT)	73	6
No usual address (ACT)	74	3
No usual address (ACT)	75	3
No usual address (ACT)	76	3
No usual address (ACT)	80	6
No usual address (ACT)	85	4
Australian Capital Territory	0	5117
Australian Capital Territory	1	5309
Australian Capital Territory	2	5322
Australian Capital Territory	3	5256
Australian Capital Territory	4	5659
Australian Capital Territory	5	5816
Australian Capital Territory	6	5897
Australian Capital Territory	7	5871
Australian Capital Territory	8	5888
Australian Capital Territory	9	5686
Australian Capital Territory	10	5628
Australian Capital Territory	11	5720
Australian Capital Territory	12	5365
Australian Capital Territory	13	5196
Australian Capital Territory	14	5173
Australian Capital Territory	15	5078
Australian Capital Territory	16	4721
Australian Capital Territory	17	4696
Australian Capital Territory	18	5691
Australian Capital Territory	19	6103
Australian Capital Territory	20	6298
Australian Capital Territory	21	6693
Australian Capital Territory	22	6857
Australian Capital Territory	23	7117
Australian Capital Territory	24	7211
Australian Capital Territory	25	7378
Australian Capital Territory	26	7833
Australian Capital Territory	27	7975
Australian Capital Territory	28	8077
Australian Capital Territory	29	7955
Australian Capital Territory	30	7921
Australian Capital Territory	31	7928
Australian Capital Territory	32	7612
Australian Capital Territory	33	7449
Australian Capital Territory	34	7505
Australian Capital Territory	35	7516
Australian Capital Territory	36	7571
Australian Capital Territory	37	7492
Australian Capital Territory	38	7320
Australian Capital Territory	39	7294
Australian Capital Territory	40	7056
Australian Capital Territory	41	6583
Australian Capital Territory	42	6417
Australian Capital Territory	43	6034
Australian Capital Territory	44	5999
Australian Capital Territory	45	5709
Australian Capital Territory	46	5962
Australian Capital Territory	47	5756
Australian Capital Territory	48	5884
Australian Capital Territory	49	5927
Australian Capital Territory	50	6047
Australian Capital Territory	51	5547
Australian Capital Territory	52	5344
Australian Capital Territory	53	5090
Australian Capital Territory	54	4857
Australian Capital Territory	55	4864
Australian Capital Territory	56	4794
Australian Capital Territory	57	4755
Australian Capital Territory	58	4680
Australian Capital Territory	59	4798
Australian Capital Territory	60	4601
Australian Capital Territory	61	4426
Australian Capital Territory	62	4246
Australian Capital Territory	63	4141
Australian Capital Territory	64	4027
Australian Capital Territory	65	3921
Australian Capital Territory	66	3645
Australian Capital Territory	67	3667
Australian Capital Territory	68	3702
Australian Capital Territory	69	3561
Australian Capital Territory	70	3530
Australian Capital Territory	71	3479
Australian Capital Territory	72	3295
Australian Capital Territory	73	3341
Australian Capital Territory	74	3502
Australian Capital Territory	75	2835
Australian Capital Territory	76	2480
Australian Capital Territory	77	2352
Australian Capital Territory	78	2037
Australian Capital Territory	79	2039
Australian Capital Territory	80	7596
Australian Capital Territory	85	4433
Australian Capital Territory	90	2067
Australian Capital Territory	95	617
Australian Capital Territory	100	59
No usual address (OT)	30	4
No usual address (OT)	64	4
Other Territories	0	43
Other Territories	1	38
Other Territories	2	54
Other Territories	3	50
Other Territories	4	51
Other Territories	5	59
Other Territories	6	59
Other Territories	7	71
Other Territories	8	50
Other Territories	9	65
Other Territories	10	62
Other Territories	11	56
Other Territories	12	66
Other Territories	13	58
Other Territories	14	53
Other Territories	15	49
Other Territories	16	43
Other Territories	17	39
Other Territories	18	33
Other Territories	19	25
Other Territories	20	29
Other Territories	21	31
Other Territories	22	34
Other Territories	23	60
Other Territories	24	58
Other Territories	25	44
Other Territories	26	51
Other Territories	27	62
Other Territories	28	56
Other Territories	29	67
Other Territories	30	52
Other Territories	31	54
Other Territories	32	52
Other Territories	33	77
Other Territories	34	67
Other Territories	35	57
Other Territories	36	57
Other Territories	37	81
Other Territories	38	82
Other Territories	39	69
Other Territories	40	61
Other Territories	41	62
Other Territories	42	63
Other Territories	43	58
Other Territories	44	46
Other Territories	45	51
Other Territories	46	47
Other Territories	47	73
Other Territories	48	68
Other Territories	49	70
Other Territories	50	78
Other Territories	51	74
Other Territories	52	76
Other Territories	53	65
Other Territories	54	61
Other Territories	55	80
Other Territories	56	67
Other Territories	57	77
Other Territories	58	74
Other Territories	59	93
Other Territories	60	71
Other Territories	61	80
Other Territories	62	80
Other Territories	63	80
Other Territories	64	69
Other Territories	65	70
Other Territories	66	76
Other Territories	67	52
Other Territories	68	60
Other Territories	69	59
Other Territories	70	71
Other Territories	71	80
Other Territories	72	56
Other Territories	73	40
Other Territories	74	25
Other Territories	75	34
Other Territories	76	37
Other Territories	77	24
Other Territories	78	33
Other Territories	79	24
Other Territories	80	106
Other Territories	85	45
Other Territories	90	22
