SA4_NAME16	EduInstitutionType	Sex	students
Capital Region		F	8397
Capital Region		M	9183
Capital Region	Infants/Primary	F	8739
Capital Region	Infants/Primary	M	9551
Capital Region	Pre-school	F	2071
Capital Region	Pre-school	M	2281
Capital Region	Secondary	F	6937
Capital Region	Secondary	M	7179
Capital Region	Technical or Further Educational Institution	F	3110
Capital Region	Technical or Further Educational Institution	M	2641
Capital Region	University or other tertiary	F	3898
Capital Region	University or other tertiary	M	2132
Central Coast		F	11022
Central Coast		M	9672
Central Coast	Infants/Primary	F	13355
Central Coast	Infants/Primary	M	14424
Central Coast	Pre-school	F	3844
Central Coast	Pre-school	M	4254
Central Coast	Secondary	F	10845
Central Coast	Secondary	M	11079
Central Coast	Technical or Further Educational Institution	F	4852
Central Coast	Technical or Further Educational Institution	M	4025
Central Coast	University or other tertiary	F	6838
Central Coast	University or other tertiary	M	3972
Central West		F	7948
Central West		M	9278
Central West	Infants/Primary	F	8854
Central West	Infants/Primary	M	9360
Central West	Pre-school	F	2192
Central West	Pre-school	M	2366
Central West	Secondary	F	6913
Central West	Secondary	M	7092
Central West	Technical or Further Educational Institution	F	2983
Central West	Technical or Further Educational Institution	M	2289
Central West	University or other tertiary	F	3311
Central West	University or other tertiary	M	1704
Coffs Harbour - Grafton		F	5484
Coffs Harbour - Grafton		M	6038
Coffs Harbour - Grafton	Infants/Primary	F	5442
Coffs Harbour - Grafton	Infants/Primary	M	5791
Coffs Harbour - Grafton	Pre-school	F	1351
Coffs Harbour - Grafton	Pre-school	M	1423
Coffs Harbour - Grafton	Secondary	F	4369
Coffs Harbour - Grafton	Secondary	M	4381
Coffs Harbour - Grafton	Technical or Further Educational Institution	F	2092
Coffs Harbour - Grafton	Technical or Further Educational Institution	M	1590
Coffs Harbour - Grafton	University or other tertiary	F	2055
Coffs Harbour - Grafton	University or other tertiary	M	906
Far West and Orana		F	6883
Far West and Orana		M	7469
Far West and Orana	Infants/Primary	F	4580
Far West and Orana	Infants/Primary	M	4694
Far West and Orana	Pre-school	F	1226
Far West and Orana	Pre-school	M	1318
Far West and Orana	Secondary	F	3254
Far West and Orana	Secondary	M	3265
Far West and Orana	Technical or Further Educational Institution	F	1506
Far West and Orana	Technical or Further Educational Institution	M	1057
Far West and Orana	University or other tertiary	F	1437
Far West and Orana	University or other tertiary	M	541
Hunter Valley exc Newcastle		F	8159
Hunter Valley exc Newcastle		M	10052
Hunter Valley exc Newcastle	Infants/Primary	F	12293
Hunter Valley exc Newcastle	Infants/Primary	M	13025
Hunter Valley exc Newcastle	Pre-school	F	3286
Hunter Valley exc Newcastle	Pre-school	M	3473
Hunter Valley exc Newcastle	Secondary	F	9355
Hunter Valley exc Newcastle	Secondary	M	9515
Hunter Valley exc Newcastle	Technical or Further Educational Institution	F	4287
Hunter Valley exc Newcastle	Technical or Further Educational Institution	M	3376
Hunter Valley exc Newcastle	University or other tertiary	F	4843
Hunter Valley exc Newcastle	University or other tertiary	M	2467
Illawarra		F	8364
Illawarra		M	7854
Illawarra	Infants/Primary	F	12086
Illawarra	Infants/Primary	M	12843
Illawarra	Pre-school	F	3505
Illawarra	Pre-school	M	3858
Illawarra	Secondary	F	9902
Illawarra	Secondary	M	10058
Illawarra	Technical or Further Educational Institution	F	4540
Illawarra	Technical or Further Educational Institution	M	4047
Illawarra	University or other tertiary	F	9073
Illawarra	University or other tertiary	M	6414
Mid North Coast		F	8543
Mid North Coast		M	8700
Mid North Coast	Infants/Primary	F	7912
Mid North Coast	Infants/Primary	M	8170
Mid North Coast	Pre-school	F	1883
Mid North Coast	Pre-school	M	2026
Mid North Coast	Secondary	F	6446
Mid North Coast	Secondary	M	6547
Mid North Coast	Technical or Further Educational Institution	F	2996
Mid North Coast	Technical or Further Educational Institution	M	2032
Mid North Coast	University or other tertiary	F	3105
Mid North Coast	University or other tertiary	M	1357
Murray		F	4996
Murray		M	5138
Murray	Infants/Primary	F	4679
Murray	Infants/Primary	M	4944
Murray	Pre-school	F	1217
Murray	Pre-school	M	1321
Murray	Secondary	F	3816
Murray	Secondary	M	3679
Murray	Technical or Further Educational Institution	F	1702
Murray	Technical or Further Educational Institution	M	1322
Murray	University or other tertiary	F	1828
Murray	University or other tertiary	M	774
New England and North West		F	9519
New England and North West		M	9485
New England and North West	Infants/Primary	F	7466
New England and North West	Infants/Primary	M	7794
New England and North West	Pre-school	F	1802
New England and North West	Pre-school	M	2004
New England and North West	Secondary	F	5858
New England and North West	Secondary	M	5803
New England and North West	Technical or Further Educational Institution	F	2532
New England and North West	Technical or Further Educational Institution	M	1706
New England and North West	University or other tertiary	F	3141
New England and North West	University or other tertiary	M	1623
Newcastle and Lake Macquarie		F	9984
Newcastle and Lake Macquarie		M	9533
Newcastle and Lake Macquarie	Infants/Primary	F	14863
Newcastle and Lake Macquarie	Infants/Primary	M	15952
Newcastle and Lake Macquarie	Pre-school	F	4141
Newcastle and Lake Macquarie	Pre-school	M	4497
Newcastle and Lake Macquarie	Secondary	F	11542
Newcastle and Lake Macquarie	Secondary	M	11755
Newcastle and Lake Macquarie	Technical or Further Educational Institution	F	5092
Newcastle and Lake Macquarie	Technical or Further Educational Institution	M	4737
Newcastle and Lake Macquarie	University or other tertiary	F	12080
Newcastle and Lake Macquarie	University or other tertiary	M	8565
Richmond - Tweed		F	11092
Richmond - Tweed		M	10447
Richmond - Tweed	Infants/Primary	F	9226
Richmond - Tweed	Infants/Primary	M	9726
Richmond - Tweed	Pre-school	F	2183
Richmond - Tweed	Pre-school	M	2386
Richmond - Tweed	Secondary	F	7397
Richmond - Tweed	Secondary	M	7644
Richmond - Tweed	Technical or Further Educational Institution	F	3507
Richmond - Tweed	Technical or Further Educational Institution	M	2606
Richmond - Tweed	University or other tertiary	F	4522
Richmond - Tweed	University or other tertiary	M	2257
Riverina		F	6234
Riverina		M	7274
Riverina	Infants/Primary	F	6708
Riverina	Infants/Primary	M	7091
Riverina	Pre-school	F	1790
Riverina	Pre-school	M	1867
Riverina	Secondary	F	5418
Riverina	Secondary	M	5278
Riverina	Technical or Further Educational Institution	F	2264
Riverina	Technical or Further Educational Institution	M	1972
Riverina	University or other tertiary	F	3146
Riverina	University or other tertiary	M	1459
Southern Highlands and Shoalhaven		F	5359
Southern Highlands and Shoalhaven		M	5850
Southern Highlands and Shoalhaven	Infants/Primary	F	5600
Southern Highlands and Shoalhaven	Infants/Primary	M	5880
Southern Highlands and Shoalhaven	Pre-school	F	1490
Southern Highlands and Shoalhaven	Pre-school	M	1648
Southern Highlands and Shoalhaven	Secondary	F	4641
Southern Highlands and Shoalhaven	Secondary	M	4527
Southern Highlands and Shoalhaven	Technical or Further Educational Institution	F	2018
Southern Highlands and Shoalhaven	Technical or Further Educational Institution	M	1614
Southern Highlands and Shoalhaven	University or other tertiary	F	2214
Southern Highlands and Shoalhaven	University or other tertiary	M	1172
Sydney - Baulkham Hills and Hawkesbury		F	4790
Sydney - Baulkham Hills and Hawkesbury		M	4543
Sydney - Baulkham Hills and Hawkesbury	Infants/Primary	F	12667
Sydney - Baulkham Hills and Hawkesbury	Infants/Primary	M	13709
Sydney - Baulkham Hills and Hawkesbury	Pre-school	F	2959
Sydney - Baulkham Hills and Hawkesbury	Pre-school	M	3161
Sydney - Baulkham Hills and Hawkesbury	Secondary	F	10556
Sydney - Baulkham Hills and Hawkesbury	Secondary	M	11171
Sydney - Baulkham Hills and Hawkesbury	Technical or Further Educational Institution	F	3170
Sydney - Baulkham Hills and Hawkesbury	Technical or Further Educational Institution	M	2850
Sydney - Baulkham Hills and Hawkesbury	University or other tertiary	F	7719
Sydney - Baulkham Hills and Hawkesbury	University or other tertiary	M	6423
Sydney - Blacktown		F	13191
Sydney - Blacktown		M	14566
Sydney - Blacktown	Infants/Primary	F	19633
Sydney - Blacktown	Infants/Primary	M	20480
Sydney - Blacktown	Pre-school	F	4444
Sydney - Blacktown	Pre-school	M	4864
Sydney - Blacktown	Secondary	F	13892
Sydney - Blacktown	Secondary	M	14504
Sydney - Blacktown	Technical or Further Educational Institution	F	5762
Sydney - Blacktown	Technical or Further Educational Institution	M	4653
Sydney - Blacktown	University or other tertiary	F	10525
Sydney - Blacktown	University or other tertiary	M	8195
Sydney - City and Inner South		F	13979
Sydney - City and Inner South		M	15009
Sydney - City and Inner South	Infants/Primary	F	6229
Sydney - City and Inner South	Infants/Primary	M	6488
Sydney - City and Inner South	Pre-school	F	1970
Sydney - City and Inner South	Pre-school	M	2173
Sydney - City and Inner South	Secondary	F	4645
Sydney - City and Inner South	Secondary	M	4839
Sydney - City and Inner South	Technical or Further Educational Institution	F	6620
Sydney - City and Inner South	Technical or Further Educational Institution	M	5509
Sydney - City and Inner South	University or other tertiary	F	16967
Sydney - City and Inner South	University or other tertiary	M	14770
Sydney - Eastern Suburbs		F	9004
Sydney - Eastern Suburbs		M	9115
Sydney - Eastern Suburbs	Infants/Primary	F	8624
Sydney - Eastern Suburbs	Infants/Primary	M	8914
Sydney - Eastern Suburbs	Pre-school	F	2408
Sydney - Eastern Suburbs	Pre-school	M	2624
Sydney - Eastern Suburbs	Secondary	F	7235
Sydney - Eastern Suburbs	Secondary	M	7363
Sydney - Eastern Suburbs	Technical or Further Educational Institution	F	3479
Sydney - Eastern Suburbs	Technical or Further Educational Institution	M	2678
Sydney - Eastern Suburbs	University or other tertiary	F	9873
Sydney - Eastern Suburbs	University or other tertiary	M	8153
Sydney - Inner South West		F	22803
Sydney - Inner South West		M	23047
Sydney - Inner South West	Infants/Primary	F	22441
Sydney - Inner South West	Infants/Primary	M	23995
Sydney - Inner South West	Pre-school	F	5436
Sydney - Inner South West	Pre-school	M	6125
Sydney - Inner South West	Secondary	F	18677
Sydney - Inner South West	Secondary	M	19271
Sydney - Inner South West	Technical or Further Educational Institution	F	8718
Sydney - Inner South West	Technical or Further Educational Institution	M	8602
Sydney - Inner South West	University or other tertiary	F	18259
Sydney - Inner South West	University or other tertiary	M	16542
Sydney - Inner West		F	9290
Sydney - Inner West		M	9175
Sydney - Inner West	Infants/Primary	F	9990
Sydney - Inner West	Infants/Primary	M	10098
Sydney - Inner West	Pre-school	F	2611
Sydney - Inner West	Pre-school	M	2852
Sydney - Inner West	Secondary	F	8176
Sydney - Inner West	Secondary	M	8144
Sydney - Inner West	Technical or Further Educational Institution	F	4456
Sydney - Inner West	Technical or Further Educational Institution	M	4038
Sydney - Inner West	University or other tertiary	F	11809
Sydney - Inner West	University or other tertiary	M	10376
Sydney - North Sydney and Hornsby		F	8999
Sydney - North Sydney and Hornsby		M	7639
Sydney - North Sydney and Hornsby	Infants/Primary	F	17852
Sydney - North Sydney and Hornsby	Infants/Primary	M	18789
Sydney - North Sydney and Hornsby	Pre-school	F	4360
Sydney - North Sydney and Hornsby	Pre-school	M	4845
Sydney - North Sydney and Hornsby	Secondary	F	14988
Sydney - North Sydney and Hornsby	Secondary	M	15743
Sydney - North Sydney and Hornsby	Technical or Further Educational Institution	F	5019
Sydney - North Sydney and Hornsby	Technical or Further Educational Institution	M	3520
Sydney - North Sydney and Hornsby	University or other tertiary	F	14344
Sydney - North Sydney and Hornsby	University or other tertiary	M	12262
Sydney - Northern Beaches		F	5777
Sydney - Northern Beaches		M	5127
Sydney - Northern Beaches	Infants/Primary	F	10935
Sydney - Northern Beaches	Infants/Primary	M	11725
Sydney - Northern Beaches	Pre-school	F	3010
Sydney - Northern Beaches	Pre-school	M	3225
Sydney - Northern Beaches	Secondary	F	9793
Sydney - Northern Beaches	Secondary	M	10213
Sydney - Northern Beaches	Technical or Further Educational Institution	F	3018
Sydney - Northern Beaches	Technical or Further Educational Institution	M	3042
Sydney - Northern Beaches	University or other tertiary	F	7034
Sydney - Northern Beaches	University or other tertiary	M	5306
Sydney - Outer South West		F	9095
Sydney - Outer South West		M	8337
Sydney - Outer South West	Infants/Primary	F	14189
Sydney - Outer South West	Infants/Primary	M	14713
Sydney - Outer South West	Pre-school	F	3483
Sydney - Outer South West	Pre-school	M	3856
Sydney - Outer South West	Secondary	F	10613
Sydney - Outer South West	Secondary	M	10864
Sydney - Outer South West	Technical or Further Educational Institution	F	3936
Sydney - Outer South West	Technical or Further Educational Institution	M	3467
Sydney - Outer South West	University or other tertiary	F	6668
Sydney - Outer South West	University or other tertiary	M	4329
Sydney - Outer West and Blue Mountains		F	10201
Sydney - Outer West and Blue Mountains		M	9873
Sydney - Outer West and Blue Mountains	Infants/Primary	F	14248
Sydney - Outer West and Blue Mountains	Infants/Primary	M	14914
Sydney - Outer West and Blue Mountains	Pre-school	F	3657
Sydney - Outer West and Blue Mountains	Pre-school	M	4089
Sydney - Outer West and Blue Mountains	Secondary	F	11009
Sydney - Outer West and Blue Mountains	Secondary	M	11233
Sydney - Outer West and Blue Mountains	Technical or Further Educational Institution	F	4823
Sydney - Outer West and Blue Mountains	Technical or Further Educational Institution	M	4012
Sydney - Outer West and Blue Mountains	University or other tertiary	F	7485
Sydney - Outer West and Blue Mountains	University or other tertiary	M	4553
Sydney - Parramatta		F	19183
Sydney - Parramatta		M	22613
Sydney - Parramatta	Infants/Primary	F	19860
Sydney - Parramatta	Infants/Primary	M	20642
Sydney - Parramatta	Pre-school	F	4542
Sydney - Parramatta	Pre-school	M	5039
Sydney - Parramatta	Secondary	F	14260
Sydney - Parramatta	Secondary	M	14861
Sydney - Parramatta	Technical or Further Educational Institution	F	7868
Sydney - Parramatta	Technical or Further Educational Institution	M	6869
Sydney - Parramatta	University or other tertiary	F	15457
Sydney - Parramatta	University or other tertiary	M	14195
Sydney - Ryde		F	5139
Sydney - Ryde		M	4653
Sydney - Ryde	Infants/Primary	F	7795
Sydney - Ryde	Infants/Primary	M	8265
Sydney - Ryde	Pre-school	F	1927
Sydney - Ryde	Pre-school	M	2114
Sydney - Ryde	Secondary	F	6070
Sydney - Ryde	Secondary	M	6418
Sydney - Ryde	Technical or Further Educational Institution	F	2876
Sydney - Ryde	Technical or Further Educational Institution	M	2134
Sydney - Ryde	University or other tertiary	F	7962
Sydney - Ryde	University or other tertiary	M	7115
Sydney - South West		F	17042
Sydney - South West		M	16563
Sydney - South West	Infants/Primary	F	20671
Sydney - South West	Infants/Primary	M	21870
Sydney - South West	Pre-school	F	4265
Sydney - South West	Pre-school	M	4821
Sydney - South West	Secondary	F	17733
Sydney - South West	Secondary	M	18275
Sydney - South West	Technical or Further Educational Institution	F	6419
Sydney - South West	Technical or Further Educational Institution	M	5569
Sydney - South West	University or other tertiary	F	12553
Sydney - South West	University or other tertiary	M	9250
Sydney - Sutherland		F	4804
Sydney - Sutherland		M	4242
Sydney - Sutherland	Infants/Primary	F	9214
Sydney - Sutherland	Infants/Primary	M	10036
Sydney - Sutherland	Pre-school	F	2649
Sydney - Sutherland	Pre-school	M	2882
Sydney - Sutherland	Secondary	F	8032
Sydney - Sutherland	Secondary	M	8151
Sydney - Sutherland	Technical or Further Educational Institution	F	2718
Sydney - Sutherland	Technical or Further Educational Institution	M	3037
Sydney - Sutherland	University or other tertiary	F	5790
Sydney - Sutherland	University or other tertiary	M	3972
No usual address (NSW)		F	1559
No usual address (NSW)		M	2273
No usual address (NSW)	Infants/Primary	F	155
No usual address (NSW)	Infants/Primary	M	143
No usual address (NSW)	Pre-school	F	31
No usual address (NSW)	Pre-school	M	37
No usual address (NSW)	Secondary	F	116
No usual address (NSW)	Secondary	M	107
No usual address (NSW)	Technical or Further Educational Institution	F	124
No usual address (NSW)	Technical or Further Educational Institution	M	78
No usual address (NSW)	University or other tertiary	F	161
No usual address (NSW)	University or other tertiary	M	95
Ballarat		F	5893
Ballarat		M	5999
Ballarat	Infants/Primary	F	6741
Ballarat	Infants/Primary	M	7165
Ballarat	Pre-school	F	1747
Ballarat	Pre-school	M	1844
Ballarat	Secondary	F	5701
Ballarat	Secondary	M	5643
Ballarat	Technical or Further Educational Institution	F	1804
Ballarat	Technical or Further Educational Institution	M	1630
Ballarat	University or other tertiary	F	3965
Ballarat	University or other tertiary	M	2171
Bendigo		F	6091
Bendigo		M	6213
Bendigo	Infants/Primary	F	6558
Bendigo	Infants/Primary	M	6962
Bendigo	Pre-school	F	1619
Bendigo	Pre-school	M	1761
Bendigo	Secondary	F	5221
Bendigo	Secondary	M	5294
Bendigo	Technical or Further Educational Institution	F	1965
Bendigo	Technical or Further Educational Institution	M	1678
Bendigo	University or other tertiary	F	3349
Bendigo	University or other tertiary	M	1628
Geelong		F	9600
Geelong		M	10254
Geelong	Infants/Primary	F	12942
Geelong	Infants/Primary	M	13602
Geelong	Pre-school	F	3486
Geelong	Pre-school	M	3927
Geelong	Secondary	F	10067
Geelong	Secondary	M	10394
Geelong	Technical or Further Educational Institution	F	3744
Geelong	Technical or Further Educational Institution	M	3620
Geelong	University or other tertiary	F	8658
Geelong	University or other tertiary	M	5706
Hume		F	6976
Hume		M	7088
Hume	Infants/Primary	F	6875
Hume	Infants/Primary	M	7205
Hume	Pre-school	F	1723
Hume	Pre-school	M	1774
Hume	Secondary	F	5817
Hume	Secondary	M	5756
Hume	Technical or Further Educational Institution	F	2499
Hume	Technical or Further Educational Institution	M	1997
Hume	University or other tertiary	F	2539
Hume	University or other tertiary	M	1165
Latrobe - Gippsland		F	11986
Latrobe - Gippsland		M	12371
Latrobe - Gippsland	Infants/Primary	F	10835
Latrobe - Gippsland	Infants/Primary	M	11565
Latrobe - Gippsland	Pre-school	F	2667
Latrobe - Gippsland	Pre-school	M	2940
Latrobe - Gippsland	Secondary	F	8665
Latrobe - Gippsland	Secondary	M	8647
Latrobe - Gippsland	Technical or Further Educational Institution	F	3448
Latrobe - Gippsland	Technical or Further Educational Institution	M	2467
Latrobe - Gippsland	University or other tertiary	F	4250
Latrobe - Gippsland	University or other tertiary	M	1814
Melbourne - Inner		F	21611
Melbourne - Inner		M	20602
Melbourne - Inner	Infants/Primary	F	13786
Melbourne - Inner	Infants/Primary	M	14199
Melbourne - Inner	Pre-school	F	4318
Melbourne - Inner	Pre-school	M	4535
Melbourne - Inner	Secondary	F	11439
Melbourne - Inner	Secondary	M	11357
Melbourne - Inner	Technical or Further Educational Institution	F	9669
Melbourne - Inner	Technical or Further Educational Institution	M	8333
Melbourne - Inner	University or other tertiary	F	36689
Melbourne - Inner	University or other tertiary	M	28212
Melbourne - Inner East		F	8447
Melbourne - Inner East		M	7717
Melbourne - Inner East	Infants/Primary	F	13757
Melbourne - Inner East	Infants/Primary	M	14320
Melbourne - Inner East	Pre-school	F	3375
Melbourne - Inner East	Pre-school	M	3692
Melbourne - Inner East	Secondary	F	13697
Melbourne - Inner East	Secondary	M	14191
Melbourne - Inner East	Technical or Further Educational Institution	F	3708
Melbourne - Inner East	Technical or Further Educational Institution	M	3625
Melbourne - Inner East	University or other tertiary	F	15547
Melbourne - Inner East	University or other tertiary	M	14179
Melbourne - Inner South		F	9606
Melbourne - Inner South		M	8485
Melbourne - Inner South	Infants/Primary	F	16575
Melbourne - Inner South	Infants/Primary	M	17384
Melbourne - Inner South	Pre-school	F	4614
Melbourne - Inner South	Pre-school	M	4897
Melbourne - Inner South	Secondary	F	15014
Melbourne - Inner South	Secondary	M	15557
Melbourne - Inner South	Technical or Further Educational Institution	F	3907
Melbourne - Inner South	Technical or Further Educational Institution	M	3709
Melbourne - Inner South	University or other tertiary	F	14297
Melbourne - Inner South	University or other tertiary	M	11616
Melbourne - North East		F	14267
Melbourne - North East		M	14083
Melbourne - North East	Infants/Primary	F	22488
Melbourne - North East	Infants/Primary	M	23737
Melbourne - North East	Pre-school	F	6198
Melbourne - North East	Pre-school	M	6958
Melbourne - North East	Secondary	F	17365
Melbourne - North East	Secondary	M	17990
Melbourne - North East	Technical or Further Educational Institution	F	6366
Melbourne - North East	Technical or Further Educational Institution	M	6660
Melbourne - North East	University or other tertiary	F	15983
Melbourne - North East	University or other tertiary	M	11546
Melbourne - North West		F	13926
Melbourne - North West		M	13832
Melbourne - North West	Infants/Primary	F	18542
Melbourne - North West	Infants/Primary	M	19495
Melbourne - North West	Pre-school	F	4866
Melbourne - North West	Pre-school	M	5338
Melbourne - North West	Secondary	F	14114
Melbourne - North West	Secondary	M	14561
Melbourne - North West	Technical or Further Educational Institution	F	5491
Melbourne - North West	Technical or Further Educational Institution	M	5742
Melbourne - North West	University or other tertiary	F	10845
Melbourne - North West	University or other tertiary	M	7764
Melbourne - Outer East		F	11579
Melbourne - Outer East		M	10539
Melbourne - Outer East	Infants/Primary	F	20491
Melbourne - Outer East	Infants/Primary	M	21850
Melbourne - Outer East	Pre-school	F	5618
Melbourne - Outer East	Pre-school	M	6218
Melbourne - Outer East	Secondary	F	17156
Melbourne - Outer East	Secondary	M	18190
Melbourne - Outer East	Technical or Further Educational Institution	F	6063
Melbourne - Outer East	Technical or Further Educational Institution	M	5951
Melbourne - Outer East	University or other tertiary	F	12877
Melbourne - Outer East	University or other tertiary	M	9347
Melbourne - South East		F	26441
Melbourne - South East		M	26588
Melbourne - South East	Infants/Primary	F	36597
Melbourne - South East	Infants/Primary	M	38664
Melbourne - South East	Pre-school	F	9237
Melbourne - South East	Pre-school	M	10215
Melbourne - South East	Secondary	F	28977
Melbourne - South East	Secondary	M	29947
Melbourne - South East	Technical or Further Educational Institution	F	12205
Melbourne - South East	Technical or Further Educational Institution	M	11339
Melbourne - South East	University or other tertiary	F	25056
Melbourne - South East	University or other tertiary	M	20755
Melbourne - West		F	30052
Melbourne - West		M	33067
Melbourne - West	Infants/Primary	F	39371
Melbourne - West	Infants/Primary	M	41322
Melbourne - West	Pre-school	F	10144
Melbourne - West	Pre-school	M	10940
Melbourne - West	Secondary	F	27395
Melbourne - West	Secondary	M	27994
Melbourne - West	Technical or Further Educational Institution	F	11105
Melbourne - West	Technical or Further Educational Institution	M	10770
Melbourne - West	University or other tertiary	F	22516
Melbourne - West	University or other tertiary	M	16929
Mornington Peninsula		F	9953
Mornington Peninsula		M	9246
Mornington Peninsula	Infants/Primary	F	11586
Mornington Peninsula	Infants/Primary	M	12287
Mornington Peninsula	Pre-school	F	3141
Mornington Peninsula	Pre-school	M	3491
Mornington Peninsula	Secondary	F	9551
Mornington Peninsula	Secondary	M	9878
Mornington Peninsula	Technical or Further Educational Institution	F	3571
Mornington Peninsula	Technical or Further Educational Institution	M	3269
Mornington Peninsula	University or other tertiary	F	5866
Mornington Peninsula	University or other tertiary	M	3254
North West		F	6634
North West		M	7591
North West	Infants/Primary	F	5672
North West	Infants/Primary	M	6015
North West	Pre-school	F	1463
North West	Pre-school	M	1543
North West	Secondary	F	4507
North West	Secondary	M	4551
North West	Technical or Further Educational Institution	F	1680
North West	Technical or Further Educational Institution	M	1247
North West	University or other tertiary	F	1737
North West	University or other tertiary	M	716
Shepparton		F	5651
Shepparton		M	5877
Shepparton	Infants/Primary	F	5356
Shepparton	Infants/Primary	M	5613
Shepparton	Pre-school	F	1235
Shepparton	Pre-school	M	1432
Shepparton	Secondary	F	4362
Shepparton	Secondary	M	4472
Shepparton	Technical or Further Educational Institution	F	1783
Shepparton	Technical or Further Educational Institution	M	1367
Shepparton	University or other tertiary	F	1737
Shepparton	University or other tertiary	M	748
Warrnambool and South West		F	4512
Warrnambool and South West		M	4561
Warrnambool and South West	Infants/Primary	F	4665
Warrnambool and South West	Infants/Primary	M	4996
Warrnambool and South West	Pre-school	F	1218
Warrnambool and South West	Pre-school	M	1262
Warrnambool and South West	Secondary	F	4039
Warrnambool and South West	Secondary	M	4080
Warrnambool and South West	Technical or Further Educational Institution	F	1523
Warrnambool and South West	Technical or Further Educational Institution	M	1283
Warrnambool and South West	University or other tertiary	F	1584
Warrnambool and South West	University or other tertiary	M	699
Migratory - Offshore - Shipping (Vic.)		F	3
Migratory - Offshore - Shipping (Vic.)		M	25
No usual address (Vic.)		F	1402
No usual address (Vic.)		M	2250
No usual address (Vic.)	Infants/Primary	F	150
No usual address (Vic.)	Infants/Primary	M	156
No usual address (Vic.)	Pre-school	F	31
No usual address (Vic.)	Pre-school	M	45
No usual address (Vic.)	Secondary	F	96
No usual address (Vic.)	Secondary	M	72
No usual address (Vic.)	Technical or Further Educational Institution	F	86
No usual address (Vic.)	Technical or Further Educational Institution	M	59
No usual address (Vic.)	University or other tertiary	F	153
No usual address (Vic.)	University or other tertiary	M	89
Brisbane - East		F	5622
Brisbane - East		M	5303
Brisbane - East	Infants/Primary	F	9800
Brisbane - East	Infants/Primary	M	10377
Brisbane - East	Pre-school	F	2045
Brisbane - East	Pre-school	M	2342
Brisbane - East	Secondary	F	8633
Brisbane - East	Secondary	M	8983
Brisbane - East	Technical or Further Educational Institution	F	2620
Brisbane - East	Technical or Further Educational Institution	M	2116
Brisbane - East	University or other tertiary	F	5410
Brisbane - East	University or other tertiary	M	3389
Brisbane - North		F	5351
Brisbane - North		M	5339
Brisbane - North	Infants/Primary	F	8651
Brisbane - North	Infants/Primary	M	8920
Brisbane - North	Pre-school	F	2045
Brisbane - North	Pre-school	M	2178
Brisbane - North	Secondary	F	6900
Brisbane - North	Secondary	M	7464
Brisbane - North	Technical or Further Educational Institution	F	2919
Brisbane - North	Technical or Further Educational Institution	M	2279
Brisbane - North	University or other tertiary	F	7277
Brisbane - North	University or other tertiary	M	4963
Brisbane - South		F	9261
Brisbane - South		M	9337
Brisbane - South	Infants/Primary	F	15041
Brisbane - South	Infants/Primary	M	15594
Brisbane - South	Pre-school	F	3329
Brisbane - South	Pre-school	M	3654
Brisbane - South	Secondary	F	11832
Brisbane - South	Secondary	M	12377
Brisbane - South	Technical or Further Educational Institution	F	5378
Brisbane - South	Technical or Further Educational Institution	M	4317
Brisbane - South	University or other tertiary	F	15158
Brisbane - South	University or other tertiary	M	12565
Brisbane - West		F	3248
Brisbane - West		M	3312
Brisbane - West	Infants/Primary	F	8583
Brisbane - West	Infants/Primary	M	8989
Brisbane - West	Pre-school	F	1689
Brisbane - West	Pre-school	M	1919
Brisbane - West	Secondary	F	7366
Brisbane - West	Secondary	M	8221
Brisbane - West	Technical or Further Educational Institution	F	1954
Brisbane - West	Technical or Further Educational Institution	M	1455
Brisbane - West	University or other tertiary	F	9621
Brisbane - West	University or other tertiary	M	8103
Brisbane Inner City		F	9094
Brisbane Inner City		M	9359
Brisbane Inner City	Infants/Primary	F	8462
Brisbane Inner City	Infants/Primary	M	8423
Brisbane Inner City	Pre-school	F	2028
Brisbane Inner City	Pre-school	M	2000
Brisbane Inner City	Secondary	F	7617
Brisbane Inner City	Secondary	M	7946
Brisbane Inner City	Technical or Further Educational Institution	F	4736
Brisbane Inner City	Technical or Further Educational Institution	M	3888
Brisbane Inner City	University or other tertiary	F	18212
Brisbane Inner City	University or other tertiary	M	14465
Cairns		F	12627
Cairns		M	13511
Cairns	Infants/Primary	F	9772
Cairns	Infants/Primary	M	10393
Cairns	Pre-school	F	1635
Cairns	Pre-school	M	1729
Cairns	Secondary	F	8594
Cairns	Secondary	M	8815
Cairns	Technical or Further Educational Institution	F	3113
Cairns	Technical or Further Educational Institution	M	2054
Cairns	University or other tertiary	F	4586
Cairns	University or other tertiary	M	2259
Darling Downs - Maranoa		F	6131
Darling Downs - Maranoa		M	6462
Darling Downs - Maranoa	Infants/Primary	F	5377
Darling Downs - Maranoa	Infants/Primary	M	5514
Darling Downs - Maranoa	Pre-school	F	780
Darling Downs - Maranoa	Pre-school	M	841
Darling Downs - Maranoa	Secondary	F	4174
Darling Downs - Maranoa	Secondary	M	4213
Darling Downs - Maranoa	Technical or Further Educational Institution	F	1200
Darling Downs - Maranoa	Technical or Further Educational Institution	M	833
Darling Downs - Maranoa	University or other tertiary	F	1454
Darling Downs - Maranoa	University or other tertiary	M	550
Central Queensland		F	9238
Central Queensland		M	12362
Central Queensland	Infants/Primary	F	10164
Central Queensland	Infants/Primary	M	10464
Central Queensland	Pre-school	F	1653
Central Queensland	Pre-school	M	1745
Central Queensland	Secondary	F	8078
Central Queensland	Secondary	M	8528
Central Queensland	Technical or Further Educational Institution	F	2177
Central Queensland	Technical or Further Educational Institution	M	1463
Central Queensland	University or other tertiary	F	3928
Central Queensland	University or other tertiary	M	1706
Gold Coast		F	23199
Gold Coast		M	21906
Gold Coast	Infants/Primary	F	24420
Gold Coast	Infants/Primary	M	25388
Gold Coast	Pre-school	F	5561
Gold Coast	Pre-school	M	6162
Gold Coast	Secondary	F	20448
Gold Coast	Secondary	M	21395
Gold Coast	Technical or Further Educational Institution	F	9454
Gold Coast	Technical or Further Educational Institution	M	6941
Gold Coast	University or other tertiary	F	17809
Gold Coast	University or other tertiary	M	11185
Ipswich		F	12913
Ipswich		M	16135
Ipswich	Infants/Primary	F	16990
Ipswich	Infants/Primary	M	17963
Ipswich	Pre-school	F	3175
Ipswich	Pre-school	M	3466
Ipswich	Secondary	F	13403
Ipswich	Secondary	M	13752
Ipswich	Technical or Further Educational Institution	F	4918
Ipswich	Technical or Further Educational Institution	M	3201
Ipswich	University or other tertiary	F	8380
Ipswich	University or other tertiary	M	4816
Logan - Beaudesert		F	14080
Logan - Beaudesert		M	14046
Logan - Beaudesert	Infants/Primary	F	16554
Logan - Beaudesert	Infants/Primary	M	17283
Logan - Beaudesert	Pre-school	F	3151
Logan - Beaudesert	Pre-school	M	3381
Logan - Beaudesert	Secondary	F	13366
Logan - Beaudesert	Secondary	M	13681
Logan - Beaudesert	Technical or Further Educational Institution	F	5027
Logan - Beaudesert	Technical or Further Educational Institution	M	3331
Logan - Beaudesert	University or other tertiary	F	6684
Logan - Beaudesert	University or other tertiary	M	3872
Mackay - Isaac - Whitsunday		F	8840
Mackay - Isaac - Whitsunday		M	12477
Mackay - Isaac - Whitsunday	Infants/Primary	F	7533
Mackay - Isaac - Whitsunday	Infants/Primary	M	7923
Mackay - Isaac - Whitsunday	Pre-school	F	1221
Mackay - Isaac - Whitsunday	Pre-school	M	1358
Mackay - Isaac - Whitsunday	Secondary	F	5795
Mackay - Isaac - Whitsunday	Secondary	M	6039
Mackay - Isaac - Whitsunday	Technical or Further Educational Institution	F	1780
Mackay - Isaac - Whitsunday	Technical or Further Educational Institution	M	1265
Mackay - Isaac - Whitsunday	University or other tertiary	F	2669
Mackay - Isaac - Whitsunday	University or other tertiary	M	1131
Moreton Bay - North		F	8691
Moreton Bay - North		M	9959
Moreton Bay - North	Infants/Primary	F	10356
Moreton Bay - North	Infants/Primary	M	10783
Moreton Bay - North	Pre-school	F	1899
Moreton Bay - North	Pre-school	M	2088
Moreton Bay - North	Secondary	F	8802
Moreton Bay - North	Secondary	M	8937
Moreton Bay - North	Technical or Further Educational Institution	F	3088
Moreton Bay - North	Technical or Further Educational Institution	M	2014
Moreton Bay - North	University or other tertiary	F	4435
Moreton Bay - North	University or other tertiary	M	2203
Moreton Bay - South		F	4948
Moreton Bay - South		M	4720
Moreton Bay - South	Infants/Primary	F	10483
Moreton Bay - South	Infants/Primary	M	11190
Moreton Bay - South	Pre-school	F	2155
Moreton Bay - South	Pre-school	M	2414
Moreton Bay - South	Secondary	F	8422
Moreton Bay - South	Secondary	M	8986
Moreton Bay - South	Technical or Further Educational Institution	F	2937
Moreton Bay - South	Technical or Further Educational Institution	M	1998
Moreton Bay - South	University or other tertiary	F	5794
Moreton Bay - South	University or other tertiary	M	3520
Queensland - Outback		F	4447
Queensland - Outback		M	6409
Queensland - Outback	Infants/Primary	F	3699
Queensland - Outback	Infants/Primary	M	3890
Queensland - Outback	Pre-school	F	606
Queensland - Outback	Pre-school	M	615
Queensland - Outback	Secondary	F	2049
Queensland - Outback	Secondary	M	2177
Queensland - Outback	Technical or Further Educational Institution	F	673
Queensland - Outback	Technical or Further Educational Institution	M	464
Queensland - Outback	University or other tertiary	F	892
Queensland - Outback	University or other tertiary	M	314
Sunshine Coast		F	12528
Sunshine Coast		M	12325
Sunshine Coast	Infants/Primary	F	15043
Sunshine Coast	Infants/Primary	M	15696
Sunshine Coast	Pre-school	F	2905
Sunshine Coast	Pre-school	M	3256
Sunshine Coast	Secondary	F	13171
Sunshine Coast	Secondary	M	13459
Sunshine Coast	Technical or Further Educational Institution	F	4280
Sunshine Coast	Technical or Further Educational Institution	M	3108
Sunshine Coast	University or other tertiary	F	9464
Sunshine Coast	University or other tertiary	M	4944
Toowoomba		F	4965
Toowoomba		M	5015
Toowoomba	Infants/Primary	F	6809
Toowoomba	Infants/Primary	M	7193
Toowoomba	Pre-school	F	1246
Toowoomba	Pre-school	M	1294
Toowoomba	Secondary	F	6273
Toowoomba	Secondary	M	6430
Toowoomba	Technical or Further Educational Institution	F	2275
Toowoomba	Technical or Further Educational Institution	M	1755
Toowoomba	University or other tertiary	F	4208
Toowoomba	University or other tertiary	M	2458
Townsville		F	9432
Townsville		M	12193
Townsville	Infants/Primary	F	9443
Townsville	Infants/Primary	M	9919
Townsville	Pre-school	F	1598
Townsville	Pre-school	M	1859
Townsville	Secondary	F	8178
Townsville	Secondary	M	8001
Townsville	Technical or Further Educational Institution	F	2408
Townsville	Technical or Further Educational Institution	M	1795
Townsville	University or other tertiary	F	6375
Townsville	University or other tertiary	M	3499
Wide Bay		F	11823
Wide Bay		M	12980
Wide Bay	Infants/Primary	F	10525
Wide Bay	Infants/Primary	M	11263
Wide Bay	Pre-school	F	1717
Wide Bay	Pre-school	M	1725
Wide Bay	Secondary	F	9472
Wide Bay	Secondary	M	9801
Wide Bay	Technical or Further Educational Institution	F	2968
Wide Bay	Technical or Further Educational Institution	M	1775
Wide Bay	University or other tertiary	F	3739
Wide Bay	University or other tertiary	M	1510
Migratory - Offshore - Shipping (Qld)		F	24
Migratory - Offshore - Shipping (Qld)		M	115
No usual address (Qld)		F	1503
No usual address (Qld)		M	2196
No usual address (Qld)	Infants/Primary	F	259
No usual address (Qld)	Infants/Primary	M	251
No usual address (Qld)	Pre-school	F	35
No usual address (Qld)	Pre-school	M	39
No usual address (Qld)	Secondary	F	148
No usual address (Qld)	Secondary	M	139
No usual address (Qld)	Technical or Further Educational Institution	F	155
No usual address (Qld)	Technical or Further Educational Institution	M	83
No usual address (Qld)	University or other tertiary	F	150
No usual address (Qld)	University or other tertiary	M	93
Adelaide - Central and Hills		F	6885
Adelaide - Central and Hills		M	6993
Adelaide - Central and Hills	Infants/Primary	F	12224
Adelaide - Central and Hills	Infants/Primary	M	13088
Adelaide - Central and Hills	Pre-school	F	2345
Adelaide - Central and Hills	Pre-school	M	2517
Adelaide - Central and Hills	Secondary	F	9452
Adelaide - Central and Hills	Secondary	M	9590
Adelaide - Central and Hills	Technical or Further Educational Institution	F	3377
Adelaide - Central and Hills	Technical or Further Educational Institution	M	3004
Adelaide - Central and Hills	University or other tertiary	F	13440
Adelaide - Central and Hills	University or other tertiary	M	10862
Adelaide - North		F	12435
Adelaide - North		M	12660
Adelaide - North	Infants/Primary	F	20894
Adelaide - North	Infants/Primary	M	22107
Adelaide - North	Pre-school	F	3745
Adelaide - North	Pre-school	M	4084
Adelaide - North	Secondary	F	13659
Adelaide - North	Secondary	M	14072
Adelaide - North	Technical or Further Educational Institution	F	6410
Adelaide - North	Technical or Further Educational Institution	M	5063
Adelaide - North	University or other tertiary	F	11240
Adelaide - North	University or other tertiary	M	8354
Adelaide - South		F	7976
Adelaide - South		M	7755
Adelaide - South	Infants/Primary	F	15238
Adelaide - South	Infants/Primary	M	16287
Adelaide - South	Pre-school	F	2960
Adelaide - South	Pre-school	M	3229
Adelaide - South	Secondary	F	10936
Adelaide - South	Secondary	M	11278
Adelaide - South	Technical or Further Educational Institution	F	4099
Adelaide - South	Technical or Further Educational Institution	M	3624
Adelaide - South	University or other tertiary	F	11608
Adelaide - South	University or other tertiary	M	7645
Adelaide - West		F	5597
Adelaide - West		M	5587
Adelaide - West	Infants/Primary	F	8511
Adelaide - West	Infants/Primary	M	9005
Adelaide - West	Pre-school	F	1731
Adelaide - West	Pre-school	M	1887
Adelaide - West	Secondary	F	6177
Adelaide - West	Secondary	M	6321
Adelaide - West	Technical or Further Educational Institution	F	3126
Adelaide - West	Technical or Further Educational Institution	M	2791
Adelaide - West	University or other tertiary	F	8138
Adelaide - West	University or other tertiary	M	6000
Barossa - Yorke - Mid North		F	3846
Barossa - Yorke - Mid North		M	3942
Barossa - Yorke - Mid North	Infants/Primary	F	4475
Barossa - Yorke - Mid North	Infants/Primary	M	4870
Barossa - Yorke - Mid North	Pre-school	F	717
Barossa - Yorke - Mid North	Pre-school	M	757
Barossa - Yorke - Mid North	Secondary	F	3182
Barossa - Yorke - Mid North	Secondary	M	3287
Barossa - Yorke - Mid North	Technical or Further Educational Institution	F	1068
Barossa - Yorke - Mid North	Technical or Further Educational Institution	M	714
Barossa - Yorke - Mid North	University or other tertiary	F	1373
Barossa - Yorke - Mid North	University or other tertiary	M	501
South Australia - Outback		F	3347
South Australia - Outback		M	4457
South Australia - Outback	Infants/Primary	F	3587
South Australia - Outback	Infants/Primary	M	3743
South Australia - Outback	Pre-school	F	677
South Australia - Outback	Pre-school	M	667
South Australia - Outback	Secondary	F	2183
South Australia - Outback	Secondary	M	2227
South Australia - Outback	Technical or Further Educational Institution	F	729
South Australia - Outback	Technical or Further Educational Institution	M	552
South Australia - Outback	University or other tertiary	F	869
South Australia - Outback	University or other tertiary	M	305
South Australia - South East		F	6677
South Australia - South East		M	8058
South Australia - South East	Infants/Primary	F	7568
South Australia - South East	Infants/Primary	M	7852
South Australia - South East	Pre-school	F	1210
South Australia - South East	Pre-school	M	1278
South Australia - South East	Secondary	F	5015
South Australia - South East	Secondary	M	5152
South Australia - South East	Technical or Further Educational Institution	F	1873
South Australia - South East	Technical or Further Educational Institution	M	1389
South Australia - South East	University or other tertiary	F	2099
South Australia - South East	University or other tertiary	M	760
Migratory - Offshore - Shipping (SA)		M	5
No usual address (SA)		F	332
No usual address (SA)		M	515
No usual address (SA)	Infants/Primary	F	80
No usual address (SA)	Infants/Primary	M	80
No usual address (SA)	Pre-school	F	13
No usual address (SA)	Pre-school	M	13
No usual address (SA)	Secondary	F	79
No usual address (SA)	Secondary	M	37
No usual address (SA)	Technical or Further Educational Institution	F	27
No usual address (SA)	Technical or Further Educational Institution	M	28
No usual address (SA)	University or other tertiary	F	38
No usual address (SA)	University or other tertiary	M	31
Bunbury		F	6418
Bunbury		M	7620
Bunbury	Infants/Primary	F	7502
Bunbury	Infants/Primary	M	8243
Bunbury	Pre-school	F	1510
Bunbury	Pre-school	M	1539
Bunbury	Secondary	F	6572
Bunbury	Secondary	M	6590
Bunbury	Technical or Further Educational Institution	F	2213
Bunbury	Technical or Further Educational Institution	M	1681
Bunbury	University or other tertiary	F	2106
Bunbury	University or other tertiary	M	762
Mandurah		F	3647
Mandurah		M	3984
Mandurah	Infants/Primary	F	4204
Mandurah	Infants/Primary	M	4172
Mandurah	Pre-school	F	781
Mandurah	Pre-school	M	790
Mandurah	Secondary	F	3341
Mandurah	Secondary	M	3409
Mandurah	Technical or Further Educational Institution	F	1303
Mandurah	Technical or Further Educational Institution	M	930
Mandurah	University or other tertiary	F	1707
Mandurah	University or other tertiary	M	764
Perth - Inner		F	5241
Perth - Inner		M	5807
Perth - Inner	Infants/Primary	F	6046
Perth - Inner	Infants/Primary	M	6277
Perth - Inner	Pre-school	F	1238
Perth - Inner	Pre-school	M	1449
Perth - Inner	Secondary	F	5676
Perth - Inner	Secondary	M	5869
Perth - Inner	Technical or Further Educational Institution	F	2136
Perth - Inner	Technical or Further Educational Institution	M	1627
Perth - Inner	University or other tertiary	F	8887
Perth - Inner	University or other tertiary	M	7499
Perth - North East		F	7860
Perth - North East		M	10308
Perth - North East	Infants/Primary	F	11154
Perth - North East	Infants/Primary	M	11986
Perth - North East	Pre-school	F	2395
Perth - North East	Pre-school	M	2707
Perth - North East	Secondary	F	8690
Perth - North East	Secondary	M	9461
Perth - North East	Technical or Further Educational Institution	F	3607
Perth - North East	Technical or Further Educational Institution	M	2925
Perth - North East	University or other tertiary	F	6365
Perth - North East	University or other tertiary	M	4438
Perth - North West		F	14461
Perth - North West		M	15617
Perth - North West	Infants/Primary	F	24394
Perth - North West	Infants/Primary	M	25780
Perth - North West	Pre-school	F	4908
Perth - North West	Pre-school	M	5319
Perth - North West	Secondary	F	19840
Perth - North West	Secondary	M	20824
Perth - North West	Technical or Further Educational Institution	F	7085
Perth - North West	Technical or Further Educational Institution	M	5923
Perth - North West	University or other tertiary	F	15575
Perth - North West	University or other tertiary	M	11147
Perth - South East		F	15918
Perth - South East		M	18181
Perth - South East	Infants/Primary	F	22187
Perth - South East	Infants/Primary	M	23414
Perth - South East	Pre-school	F	4551
Perth - South East	Pre-school	M	4827
Perth - South East	Secondary	F	16939
Perth - South East	Secondary	M	18045
Perth - South East	Technical or Further Educational Institution	F	7592
Perth - South East	Technical or Further Educational Institution	M	6424
Perth - South East	University or other tertiary	F	15533
Perth - South East	University or other tertiary	M	12147
Perth - South West		F	11776
Perth - South West		M	14661
Perth - South West	Infants/Primary	F	18963
Perth - South West	Infants/Primary	M	19512
Perth - South West	Pre-school	F	3824
Perth - South West	Pre-school	M	4160
Perth - South West	Secondary	F	15096
Perth - South West	Secondary	M	15581
Perth - South West	Technical or Further Educational Institution	F	5326
Perth - South West	Technical or Further Educational Institution	M	4334
Perth - South West	University or other tertiary	F	12131
Perth - South West	University or other tertiary	M	8105
Western Australia - Wheat Belt		F	6310
Western Australia - Wheat Belt		M	7801
Western Australia - Wheat Belt	Infants/Primary	F	5017
Western Australia - Wheat Belt	Infants/Primary	M	5204
Western Australia - Wheat Belt	Pre-school	F	915
Western Australia - Wheat Belt	Pre-school	M	964
Western Australia - Wheat Belt	Secondary	F	4011
Western Australia - Wheat Belt	Secondary	M	4018
Western Australia - Wheat Belt	Technical or Further Educational Institution	F	1423
Western Australia - Wheat Belt	Technical or Further Educational Institution	M	1030
Western Australia - Wheat Belt	University or other tertiary	F	1276
Western Australia - Wheat Belt	University or other tertiary	M	479
Western Australia - Outback (North)		F	6644
Western Australia - Outback (North)		M	9291
Western Australia - Outback (North)	Infants/Primary	F	4098
Western Australia - Outback (North)	Infants/Primary	M	4425
Western Australia - Outback (North)	Pre-school	F	751
Western Australia - Outback (North)	Pre-school	M	842
Western Australia - Outback (North)	Secondary	F	2388
Western Australia - Outback (North)	Secondary	M	2386
Western Australia - Outback (North)	Technical or Further Educational Institution	F	978
Western Australia - Outback (North)	Technical or Further Educational Institution	M	722
Western Australia - Outback (North)	University or other tertiary	F	917
Western Australia - Outback (North)	University or other tertiary	M	401
Western Australia - Outback (South)		F	6734
Western Australia - Outback (South)		M	9002
Western Australia - Outback (South)	Infants/Primary	F	4534
Western Australia - Outback (South)	Infants/Primary	M	4814
Western Australia - Outback (South)	Pre-school	F	985
Western Australia - Outback (South)	Pre-school	M	961
Western Australia - Outback (South)	Secondary	F	3363
Western Australia - Outback (South)	Secondary	M	3423
Western Australia - Outback (South)	Technical or Further Educational Institution	F	1446
Western Australia - Outback (South)	Technical or Further Educational Institution	M	1062
Western Australia - Outback (South)	University or other tertiary	F	1180
Western Australia - Outback (South)	University or other tertiary	M	562
Migratory - Offshore - Shipping (WA)		F	20
Migratory - Offshore - Shipping (WA)		M	193
Migratory - Offshore - Shipping (WA)	Technical or Further Educational Institution	M	7
Migratory - Offshore - Shipping (WA)	University or other tertiary	M	3
No usual address (WA)		F	1292
No usual address (WA)		M	2250
No usual address (WA)	Infants/Primary	F	116
No usual address (WA)	Infants/Primary	M	130
No usual address (WA)	Pre-school	F	18
No usual address (WA)	Pre-school	M	22
No usual address (WA)	Secondary	F	54
No usual address (WA)	Secondary	M	52
No usual address (WA)	Technical or Further Educational Institution	F	60
No usual address (WA)	Technical or Further Educational Institution	M	40
No usual address (WA)	University or other tertiary	F	70
No usual address (WA)	University or other tertiary	M	45
Hobart		F	7070
Hobart		M	7120
Hobart	Infants/Primary	F	9936
Hobart	Infants/Primary	M	10496
Hobart	Pre-school	F	1564
Hobart	Pre-school	M	1662
Hobart	Secondary	F	7165
Hobart	Secondary	M	7386
Hobart	Technical or Further Educational Institution	F	3723
Hobart	Technical or Further Educational Institution	M	4077
Hobart	University or other tertiary	F	6974
Hobart	University or other tertiary	M	5122
Launceston and North East		F	4805
Launceston and North East		M	4817
Launceston and North East	Infants/Primary	F	5895
Launceston and North East	Infants/Primary	M	6291
Launceston and North East	Pre-school	F	848
Launceston and North East	Pre-school	M	885
Launceston and North East	Secondary	F	4327
Launceston and North East	Secondary	M	4463
Launceston and North East	Technical or Further Educational Institution	F	1811
Launceston and North East	Technical or Further Educational Institution	M	1718
Launceston and North East	University or other tertiary	F	2841
Launceston and North East	University or other tertiary	M	1822
South East		F	1674
South East		M	1785
South East	Infants/Primary	F	1546
South East	Infants/Primary	M	1516
South East	Pre-school	F	207
South East	Pre-school	M	185
South East	Secondary	F	1004
South East	Secondary	M	1090
South East	Technical or Further Educational Institution	F	424
South East	Technical or Further Educational Institution	M	405
South East	University or other tertiary	F	511
South East	University or other tertiary	M	263
West and North West		F	4024
West and North West		M	4050
West and North West	Infants/Primary	F	4643
West and North West	Infants/Primary	M	4810
West and North West	Pre-school	F	547
West and North West	Pre-school	M	586
West and North West	Secondary	F	3328
West and North West	Secondary	M	3340
West and North West	Technical or Further Educational Institution	F	1320
West and North West	Technical or Further Educational Institution	M	1231
West and North West	University or other tertiary	F	1534
West and North West	University or other tertiary	M	729
Migratory - Offshore - Shipping (Tas.)		M	3
No usual address (Tas.)		F	139
No usual address (Tas.)		M	210
No usual address (Tas.)	Infants/Primary	F	18
No usual address (Tas.)	Infants/Primary	M	30
No usual address (Tas.)	Pre-school	F	5
No usual address (Tas.)	Pre-school	M	9
No usual address (Tas.)	Secondary	F	19
No usual address (Tas.)	Secondary	M	12
No usual address (Tas.)	Technical or Further Educational Institution	F	21
No usual address (Tas.)	Technical or Further Educational Institution	M	17
No usual address (Tas.)	University or other tertiary	F	27
No usual address (Tas.)	University or other tertiary	M	12
Darwin		F	6726
Darwin		M	8120
Darwin	Infants/Primary	F	5950
Darwin	Infants/Primary	M	6099
Darwin	Pre-school	F	1272
Darwin	Pre-school	M	1350
Darwin	Secondary	F	4316
Darwin	Secondary	M	4331
Darwin	Technical or Further Educational Institution	F	1709
Darwin	Technical or Further Educational Institution	M	1442
Darwin	University or other tertiary	F	4624
Darwin	University or other tertiary	M	2663
Northern Territory - Outback		F	4713
Northern Territory - Outback		M	5808
Northern Territory - Outback	Infants/Primary	F	4353
Northern Territory - Outback	Infants/Primary	M	4738
Northern Territory - Outback	Pre-school	F	764
Northern Territory - Outback	Pre-school	M	853
Northern Territory - Outback	Secondary	F	2427
Northern Territory - Outback	Secondary	M	2514
Northern Territory - Outback	Technical or Further Educational Institution	F	624
Northern Territory - Outback	Technical or Further Educational Institution	M	486
Northern Territory - Outback	University or other tertiary	F	1278
Northern Territory - Outback	University or other tertiary	M	611
Migratory - Offshore - Shipping (NT)		M	20
No usual address (NT)		F	593
No usual address (NT)		M	654
No usual address (NT)	Infants/Primary	F	45
No usual address (NT)	Infants/Primary	M	69
No usual address (NT)	Pre-school	F	8
No usual address (NT)	Pre-school	M	5
No usual address (NT)	Secondary	F	27
No usual address (NT)	Secondary	M	25
No usual address (NT)	Technical or Further Educational Institution	F	11
No usual address (NT)	Technical or Further Educational Institution	M	4
No usual address (NT)	University or other tertiary	F	19
No usual address (NT)	University or other tertiary	M	17
Australian Capital Territory		F	11633
Australian Capital Territory		M	12230
Australian Capital Territory	Infants/Primary	F	18521
Australian Capital Territory	Infants/Primary	M	19682
Australian Capital Territory	Pre-school	F	4236
Australian Capital Territory	Pre-school	M	4604
Australian Capital Territory	Secondary	F	13554
Australian Capital Territory	Secondary	M	14343
Australian Capital Territory	Technical or Further Educational Institution	F	5997
Australian Capital Territory	Technical or Further Educational Institution	M	5826
Australian Capital Territory	University or other tertiary	F	19997
Australian Capital Territory	University or other tertiary	M	16220
No usual address (ACT)		F	42
No usual address (ACT)		M	100
No usual address (ACT)	Infants/Primary	F	5
No usual address (ACT)	Infants/Primary	M	6
No usual address (ACT)	Pre-school	M	3
No usual address (ACT)	Secondary	F	23
No usual address (ACT)	Secondary	M	9
No usual address (ACT)	Technical or Further Educational Institution	F	8
No usual address (ACT)	Technical or Further Educational Institution	M	3
No usual address (ACT)	University or other tertiary	F	15
No usual address (ACT)	University or other tertiary	M	18
Other Territories		F	335
Other Territories		M	586
Other Territories	Infants/Primary	F	167
Other Territories	Infants/Primary	M	185
Other Territories	Pre-school	F	33
Other Territories	Pre-school	M	46
Other Territories	Secondary	F	115
Other Territories	Secondary	M	116
Other Territories	Technical or Further Educational Institution	F	41
Other Territories	Technical or Further Educational Institution	M	34
Other Territories	University or other tertiary	F	40
Other Territories	University or other tertiary	M	8
No usual address (OT)		M	3
